Date/Time,EMS:All Zones Total Heating Energy {J}(Hourly),EMS:All Zones Total Heating Energy {J}(Monthly),EMS:All Zones Total Heating Energy {J}(RunPeriod),EMS:All Zones Total Cooling Energy {J}(Hourly),EMS:All Zones Total Cooling Energy {J}(Monthly),EMS:All Zones Total Cooling Energy {J}(RunPeriod) 
 01/01  01:00:00,77755975.4091621,,,0.0 
 01/01  02:00:00,83091705.3535593,,,0.0 
 01/01  03:00:00,83894221.9614144,,,0.0 
 01/01  04:00:00,83301193.9992037,,,0.0 
 01/01  05:00:00,82384993.273256,,,0.0 
 01/01  06:00:00,81513554.4977806,,,0.0 
 01/01  07:00:00,76289403.8798942,,,0.0 
 01/01  08:00:00,67469971.8968817,,,0.0 
 01/01  09:00:00,66522477.2064492,,,0.0 
 01/01  10:00:00,59201519.2600774,,,0.0 
 01/01  11:00:00,52944785.5074966,,,0.0 
 01/01  12:00:00,45613933.4475804,,,0.0 
 01/01  13:00:00,52084520.0902718,,,0.0 
 01/01  14:00:00,54591068.7832018,,,0.0 
 01/01  15:00:00,51630562.6760394,,,0.0 
 01/01  16:00:00,52398353.9220661,,,0.0 
 01/01  17:00:00,54694299.72197,,,0.0 
 01/01  18:00:00,58680193.896182,,,0.0 
 01/01  19:00:00,60840876.8270421,,,0.0 
 01/01  20:00:00,60937163.8499177,,,0.0 
 01/01  21:00:00,66917266.5725992,,,0.0 
 01/01  22:00:00,67074911.9736578,,,0.0 
 01/01  23:00:00,67459060.5830484,,,0.0 
 01/01  24:00:00,72388558.4758054,,,0.0 
 01/02  01:00:00,73245760.7928851,,,0.0 
 01/02  02:00:00,74131340.6531587,,,0.0 
 01/02  03:00:00,74538377.1647167,,,0.0 
 01/02  04:00:00,74899485.2157926,,,0.0 
 01/02  05:00:00,75462624.3993662,,,0.0 
 01/02  06:00:00,76613368.9609173,,,0.0 
 01/02  07:00:00,73660538.844541,,,0.0 
 01/02  08:00:00,67031788.1248241,,,0.0 
 01/02  09:00:00,68174655.6262684,,,0.0 
 01/02  10:00:00,59317574.9188229,,,0.0 
 01/02  11:00:00,47573249.9912245,,,0.0 
 01/02  12:00:00,37892786.1053139,,,0.0 
 01/02  13:00:00,41782607.6503302,,,0.0 
 01/02  14:00:00,44397692.3458947,,,0.0 
 01/02  15:00:00,42366227.3786906,,,0.0 
 01/02  16:00:00,45585171.0652368,,,0.0 
 01/02  17:00:00,49622969.4567868,,,0.0 
 01/02  18:00:00,56009543.4822518,,,0.0 
 01/02  19:00:00,59701975.7567118,,,0.0 
 01/02  20:00:00,61025261.3575799,,,0.0 
 01/02  21:00:00,68592186.4129492,,,0.0 
 01/02  22:00:00,70091059.0828618,,,0.0 
 01/02  23:00:00,72117671.0209398,,,0.0 
 01/02  24:00:00,77494903.6771815,,,0.0 
 01/03  01:00:00,78422916.2405235,,,0.0 
 01/03  02:00:00,79354563.3142111,,,0.0 
 01/03  03:00:00,79769208.7938603,,,0.0 
 01/03  04:00:00,79387324.3703747,,,0.0 
 01/03  05:00:00,78532659.277776,,,0.0 
 01/03  06:00:00,78033287.7445196,,,0.0 
 01/03  07:00:00,73696846.6382797,,,0.0 
 01/03  08:00:00,66039775.68988,,,0.0 
 01/03  09:00:00,64997084.9107952,,,0.0 
 01/03  10:00:00,51631433.3670275,,,0.0 
 01/03  11:00:00,44074764.1764849,,,0.0 
 01/03  12:00:00,40393740.8190973,,,0.0 
 01/03  13:00:00,47294737.5765939,,,0.0 
 01/03  14:00:00,49565069.3402677,,,0.0 
 01/03  15:00:00,47444964.4513925,,,0.0 
 01/03  16:00:00,48401499.5535618,,,0.0 
 01/03  17:00:00,50119493.1441927,,,0.0 
 01/03  18:00:00,54007162.6469937,,,0.0 
 01/03  19:00:00,56038547.9705411,,,0.0 
 01/03  20:00:00,56154950.2335264,,,0.0 
 01/03  21:00:00,62071895.9953045,,,0.0 
 01/03  22:00:00,62152277.2835708,,,0.0 
 01/03  23:00:00,62193510.4668225,,,0.0 
 01/03  24:00:00,66818744.8085099,,,0.0 
 01/04  01:00:00,67166682.743379,,,0.0 
 01/04  02:00:00,67550866.9118461,,,0.0 
 01/04  03:00:00,67801352.7231614,,,0.0 
 01/04  04:00:00,68056737.0633153,,,0.0 
 01/04  05:00:00,68054358.1031374,,,0.0 
 01/04  06:00:00,68203890.9573426,,,0.0 
 01/04  07:00:00,64492995.6831334,,,0.0 
 01/04  08:00:00,57457480.165275,,,0.0 
 01/04  09:00:00,58295361.3901952,,,0.0 
 01/04  10:00:00,52950587.2315601,,,0.0 
 01/04  11:00:00,47154608.7965978,,,0.0 
 01/04  12:00:00,39156750.6400078,,,0.0 
 01/04  13:00:00,44671632.1386952,,,0.0 
 01/04  14:00:00,46267571.6635987,,,0.0 
 01/04  15:00:00,43794831.5455205,,,0.0 
 01/04  16:00:00,45124067.8257886,,,0.0 
 01/04  17:00:00,47258246.2398749,,,0.0 
 01/04  18:00:00,51473417.9425355,,,0.0 
 01/04  19:00:00,53745822.7948953,,,0.0 
 01/04  20:00:00,53892677.1911002,,,0.0 
 01/04  21:00:00,59536469.6122448,,,0.0 
 01/04  22:00:00,59538236.5542289,,,0.0 
 01/04  23:00:00,59890400.0246492,,,0.0 
 01/04  24:00:00,64672521.1411304,,,0.0 
 01/05  01:00:00,64950756.3953951,,,0.0 
 01/05  02:00:00,65195609.0384478,,,0.0 
 01/05  03:00:00,65339801.103072,,,0.0 
 01/05  04:00:00,65643133.2784431,,,0.0 
 01/05  05:00:00,66375956.7737015,,,0.0 
 01/05  06:00:00,66996894.764296,,,0.0 
 01/05  07:00:00,63056989.3095738,,,0.0 
 01/05  08:00:00,55846118.6248109,,,0.0 
 01/05  09:00:00,56372144.3464358,,,0.0 
 01/05  10:00:00,49102851.8236903,,,0.0 
 01/05  11:00:00,43490827.9468881,,,0.0 
 01/05  12:00:00,36581952.8839784,,,0.0 
 01/05  13:00:00,41537598.4583898,,,0.0 
 01/05  14:00:00,44298025.6002459,,,0.0 
 01/05  15:00:00,42697508.9663191,,,0.0 
 01/05  16:00:00,43733848.8537837,,,0.0 
 01/05  17:00:00,45839261.0572182,,,0.0 
 01/05  18:00:00,50034411.0095202,,,0.0 
 01/05  19:00:00,52295583.391787,,,0.0 
 01/05  20:00:00,52571908.7492418,,,0.0 
 01/05  21:00:00,58535714.1151545,,,0.0 
 01/05  22:00:00,58813787.5325292,,,0.0 
 01/05  23:00:00,59183101.8738153,,,0.0 
 01/05  24:00:00,64418934.428099,,,0.0 
 01/06  01:00:00,65487701.0810005,,,0.0 
 01/06  02:00:00,66126648.459339,,,0.0 
 01/06  03:00:00,66278657.1460338,,,0.0 
 01/06  04:00:00,66079581.1840518,,,0.0 
 01/06  05:00:00,66015472.5034017,,,0.0 
 01/06  06:00:00,66015911.9026319,,,0.0 
 01/06  07:00:00,61865451.5463935,,,0.0 
 01/06  08:00:00,54426876.2791492,,,0.0 
 01/06  09:00:00,56232599.8022207,,,0.0 
 01/06  10:00:00,51429005.3570894,,,0.0 
 01/06  11:00:00,46659942.161437,,,0.0 
 01/06  12:00:00,39826066.1647518,,,0.0 
 01/06  13:00:00,46552787.7462241,,,0.0 
 01/06  14:00:00,49003473.525414,,,0.0 
 01/06  15:00:00,46395838.3113358,,,0.0 
 01/06  16:00:00,47080405.1709133,,,0.0 
 01/06  17:00:00,48624135.7213896,,,0.0 
 01/06  18:00:00,52657323.2932731,,,0.0 
 01/06  19:00:00,55333475.9462534,,,0.0 
 01/06  20:00:00,55940391.8105509,,,0.0 
 01/06  21:00:00,62265603.3753998,,,0.0 
 01/06  22:00:00,62705656.8133329,,,0.0 
 01/06  23:00:00,63302822.9206173,,,0.0 
 01/06  24:00:00,68814190.4039448,,,0.0 
 01/07  01:00:00,69101852.8840427,,,0.0 
 01/07  02:00:00,68833321.3932178,,,0.0 
 01/07  03:00:00,69064751.6039276,,,0.0 
 01/07  04:00:00,69541151.2460661,,,0.0 
 01/07  05:00:00,69860894.2882744,,,0.0 
 01/07  06:00:00,70184376.3106162,,,0.0 
 01/07  07:00:00,66530020.4205476,,,0.0 
 01/07  08:00:00,59363013.6639447,,,0.0 
 01/07  09:00:00,60275505.6307884,,,0.0 
 01/07  10:00:00,55399272.3202272,,,0.0 
 01/07  11:00:00,49651710.6865313,,,0.0 
 01/07  12:00:00,41516823.9627334,,,0.0 
 01/07  13:00:00,46628826.9140204,,,0.0 
 01/07  14:00:00,48827682.7108894,,,0.0 
 01/07  15:00:00,46473782.2797243,,,0.0 
 01/07  16:00:00,47184224.488862,,,0.0 
 01/07  17:00:00,49097857.2266016,,,0.0 
 01/07  18:00:00,53457659.5454536,,,0.0 
 01/07  19:00:00,56245214.603979,,,0.0 
 01/07  20:00:00,56587233.1831222,,,0.0 
 01/07  21:00:00,62546121.0335808,,,0.0 
 01/07  22:00:00,62767908.1101221,,,0.0 
 01/07  23:00:00,63336903.6766095,,,0.0 
 01/07  24:00:00,68289601.1767063,,,0.0 
 01/08  01:00:00,68755603.752006,,,0.0 
 01/08  02:00:00,69245093.3761249,,,0.0 
 01/08  03:00:00,69626844.5055207,,,0.0 
 01/08  04:00:00,69873840.7652511,,,0.0 
 01/08  05:00:00,70268945.6590287,,,0.0 
 01/08  06:00:00,70813223.8180571,,,0.0 
 01/08  07:00:00,67182703.8549113,,,0.0 
 01/08  08:00:00,60011993.2815601,,,0.0 
 01/08  09:00:00,60132980.8562573,,,0.0 
 01/08  10:00:00,52022701.3900985,,,0.0 
 01/08  11:00:00,43002239.2492799,,,0.0 
 01/08  12:00:00,32281545.3558402,,,0.0 
 01/08  13:00:00,36455390.5104169,,,0.0 
 01/08  14:00:00,37779629.0455514,,,0.0 
 01/08  15:00:00,36054366.0722182,,,0.0 
 01/08  16:00:00,39175115.9311042,,,0.0 
 01/08  17:00:00,42921644.8303964,,,0.0 
 01/08  18:00:00,47756346.4366031,,,0.0 
 01/08  19:00:00,51165172.3172948,,,0.0 
 01/08  20:00:00,53394351.5842967,,,0.0 
 01/08  21:00:00,60762444.721807,,,0.0 
 01/08  22:00:00,61682007.8060241,,,0.0 
 01/08  23:00:00,61966475.4225248,,,0.0 
 01/08  24:00:00,66105600.5791275,,,0.0 
 01/09  01:00:00,65930524.9127432,,,0.0 
 01/09  02:00:00,66349690.9101115,,,0.0 
 01/09  03:00:00,67032271.4327502,,,0.0 
 01/09  04:00:00,67624852.1794555,,,0.0 
 01/09  05:00:00,68043943.1708957,,,0.0 
 01/09  06:00:00,68859843.0992578,,,0.0 
 01/09  07:00:00,65397715.1181838,,,0.0 
 01/09  08:00:00,58501870.8530156,,,0.0 
 01/09  09:00:00,59729625.2790333,,,0.0 
 01/09  10:00:00,54109051.8555042,,,0.0 
 01/09  11:00:00,48889153.6598512,,,0.0 
 01/09  12:00:00,41343973.5948634,,,0.0 
 01/09  13:00:00,47467566.8425397,,,0.0 
 01/09  14:00:00,49401022.5713866,,,0.0 
 01/09  15:00:00,46113238.1314646,,,0.0 
 01/09  16:00:00,47488302.6356487,,,0.0 
 01/09  17:00:00,50486687.6527723,,,0.0 
 01/09  18:00:00,54847170.6375332,,,0.0 
 01/09  19:00:00,57580033.4069673,,,0.0 
 01/09  20:00:00,58225093.3803956,,,0.0 
 01/09  21:00:00,63891773.551881,,,0.0 
 01/09  22:00:00,63911193.7812267,,,0.0 
 01/09  23:00:00,63973468.603031,,,0.0 
 01/09  24:00:00,68756600.5390327,,,0.0 
 01/10  01:00:00,68917787.4487621,,,0.0 
 01/10  02:00:00,69042685.0895154,,,0.0 
 01/10  03:00:00,69322187.9619149,,,0.0 
 01/10  04:00:00,69473590.4351106,,,0.0 
 01/10  05:00:00,69724026.4896144,,,0.0 
 01/10  06:00:00,69980599.1272751,,,0.0 
 01/10  07:00:00,65908383.715268,,,0.0 
 01/10  08:00:00,58680335.8604941,,,0.0 
 01/10  09:00:00,60296789.0407652,,,0.0 
 01/10  10:00:00,55136008.8438356,,,0.0 
 01/10  11:00:00,49808059.8776456,,,0.0 
 01/10  12:00:00,42192526.5431763,,,0.0 
 01/10  13:00:00,47597115.4100304,,,0.0 
 01/10  14:00:00,47161155.7371087,,,0.0 
 01/10  15:00:00,46213950.9229966,,,0.0 
 01/10  16:00:00,47250952.5630345,,,0.0 
 01/10  17:00:00,49143185.3762607,,,0.0 
 01/10  18:00:00,53370261.7401914,,,0.0 
 01/10  19:00:00,55767807.6352397,,,0.0 
 01/10  20:00:00,56518010.1458574,,,0.0 
 01/10  21:00:00,62406321.1013802,,,0.0 
 01/10  22:00:00,62339537.8703574,,,0.0 
 01/10  23:00:00,62865367.9936355,,,0.0 
 01/10  24:00:00,67941816.090003,,,0.0 
 01/11  01:00:00,68300834.5453658,,,0.0 
 01/11  02:00:00,68316799.1530858,,,0.0 
 01/11  03:00:00,68441086.8221058,,,0.0 
 01/11  04:00:00,68832669.7715945,,,0.0 
 01/11  05:00:00,69416513.7172082,,,0.0 
 01/11  06:00:00,70201570.8469494,,,0.0 
 01/11  07:00:00,66912008.7305274,,,0.0 
 01/11  08:00:00,59999388.3359042,,,0.0 
 01/11  09:00:00,61445046.7371067,,,0.0 
 01/11  10:00:00,53686258.8446787,,,0.0 
 01/11  11:00:00,48539460.1245933,,,0.0 
 01/11  12:00:00,43551411.5865439,,,0.0 
 01/11  13:00:00,50394001.0998821,,,0.0 
 01/11  14:00:00,51824819.2181085,,,0.0 
 01/11  15:00:00,48535946.9515854,,,0.0 
 01/11  16:00:00,49242884.5966675,,,0.0 
 01/11  17:00:00,51432069.7864827,,,0.0 
 01/11  18:00:00,56046502.7783413,,,0.0 
 01/11  19:00:00,58908174.8388339,,,0.0 
 01/11  20:00:00,59205930.0783846,,,0.0 
 01/11  21:00:00,65040071.3782011,,,0.0 
 01/11  22:00:00,65103368.4011457,,,0.0 
 01/11  23:00:00,65370303.3335102,,,0.0 
 01/11  24:00:00,70331223.4258069,,,0.0 
 01/12  01:00:00,70774803.9340945,,,0.0 
 01/12  02:00:00,71120781.9100539,,,0.0 
 01/12  03:00:00,71686981.9152682,,,0.0 
 01/12  04:00:00,72273272.9679867,,,0.0 
 01/12  05:00:00,72870799.457732,,,0.0 
 01/12  06:00:00,73248450.5397752,,,0.0 
 01/12  07:00:00,69397100.8616702,,,0.0 
 01/12  08:00:00,62374307.815885,,,0.0 
 01/12  09:00:00,62146066.6107181,,,0.0 
 01/12  10:00:00,52234720.9381961,,,0.0 
 01/12  11:00:00,41276484.8356612,,,0.0 
 01/12  12:00:00,33400454.8885151,,,0.0 
 01/12  13:00:00,38863454.6464013,,,0.0 
 01/12  14:00:00,39547996.4382557,,,0.0 
 01/12  15:00:00,38646910.5333273,,,0.0 
 01/12  16:00:00,42906342.7176652,,,0.0 
 01/12  17:00:00,46462690.0958931,,,0.0 
 01/12  18:00:00,51949836.594048,,,0.0 
 01/12  19:00:00,55796264.956698,,,0.0 
 01/12  20:00:00,56817784.6763748,,,0.0 
 01/12  21:00:00,63114191.086259,,,0.0 
 01/12  22:00:00,63637814.7743741,,,0.0 
 01/12  23:00:00,63677350.0655546,,,0.0 
 01/12  24:00:00,68137112.815962,,,0.0 
 01/13  01:00:00,68180369.9910718,,,0.0 
 01/13  02:00:00,68282242.453929,,,0.0 
 01/13  03:00:00,68657096.0858916,,,0.0 
 01/13  04:00:00,68933240.6937137,,,0.0 
 01/13  05:00:00,69202434.0672257,,,0.0 
 01/13  06:00:00,69767366.5368901,,,0.0 
 01/13  07:00:00,65726777.1013154,,,0.0 
 01/13  08:00:00,58315020.571449,,,0.0 
 01/13  09:00:00,59044178.4547915,,,0.0 
 01/13  10:00:00,53963508.9357553,,,0.0 
 01/13  11:00:00,48598627.8663546,,,0.0 
 01/13  12:00:00,41807010.8742475,,,0.0 
 01/13  13:00:00,48135755.0980834,,,0.0 
 01/13  14:00:00,49096250.8309003,,,0.0 
 01/13  15:00:00,47282119.5154824,,,0.0 
 01/13  16:00:00,48163762.2578067,,,0.0 
 01/13  17:00:00,50642942.9782463,,,0.0 
 01/13  18:00:00,55175774.6819116,,,0.0 
 01/13  19:00:00,57880723.5955085,,,0.0 
 01/13  20:00:00,58448609.2698382,,,0.0 
 01/13  21:00:00,64432924.1478438,,,0.0 
 01/13  22:00:00,64741919.9003254,,,0.0 
 01/13  23:00:00,65239933.6661735,,,0.0 
 01/13  24:00:00,70367910.3380091,,,0.0 
 01/14  01:00:00,71030978.0683207,,,0.0 
 01/14  02:00:00,71634820.0321611,,,0.0 
 01/14  03:00:00,72078211.7448187,,,0.0 
 01/14  04:00:00,72661001.581012,,,0.0 
 01/14  05:00:00,73316472.8607168,,,0.0 
 01/14  06:00:00,73640943.7412113,,,0.0 
 01/14  07:00:00,69814450.2225761,,,0.0 
 01/14  08:00:00,62521589.7439077,,,0.0 
 01/14  09:00:00,64516851.3818064,,,0.0 
 01/14  10:00:00,59921128.6109479,,,0.0 
 01/14  11:00:00,55416609.8042993,,,0.0 
 01/14  12:00:00,47730115.1704902,,,0.0 
 01/14  13:00:00,55053906.7716298,,,0.0 
 01/14  14:00:00,57688854.1689775,,,0.0 
 01/14  15:00:00,54973845.7103757,,,0.0 
 01/14  16:00:00,55731360.8846997,,,0.0 
 01/14  17:00:00,57516572.5269382,,,0.0 
 01/14  18:00:00,61819953.5582492,,,0.0 
 01/14  19:00:00,64882362.0704853,,,0.0 
 01/14  20:00:00,65780544.3114584,,,0.0 
 01/14  21:00:00,72687909.5072134,,,0.0 
 01/14  22:00:00,73117152.6690935,,,0.0 
 01/14  23:00:00,73258508.8500166,,,0.0 
 01/14  24:00:00,78185773.9535804,,,0.0 
 01/15  01:00:00,78712656.6023273,,,0.0 
 01/15  02:00:00,79167402.0383748,,,0.0 
 01/15  03:00:00,79887094.6671793,,,0.0 
 01/15  04:00:00,81014226.1737882,,,0.0 
 01/15  05:00:00,82632168.2438353,,,0.0 
 01/15  06:00:00,84826636.7617014,,,0.0 
 01/15  07:00:00,82536817.1190447,,,0.0 
 01/15  08:00:00,75498321.2516089,,,0.0 
 01/15  09:00:00,74649347.6334741,,,0.0 
 01/15  10:00:00,64066586.4400364,,,0.0 
 01/15  11:00:00,56862425.4798889,,,0.0 
 01/15  12:00:00,48895362.9476906,,,0.0 
 01/15  13:00:00,54471730.9664156,,,0.0 
 01/15  14:00:00,57521974.5817903,,,0.0 
 01/15  15:00:00,54979272.2304522,,,0.0 
 01/15  16:00:00,56278424.1688508,,,0.0 
 01/15  17:00:00,58321423.1364809,,,0.0 
 01/15  18:00:00,62645616.187623,,,0.0 
 01/15  19:00:00,65445964.0502573,,,0.0 
 01/15  20:00:00,66337699.355242,,,0.0 
 01/15  21:00:00,73263257.8080478,,,0.0 
 01/15  22:00:00,73807851.1232674,,,0.0 
 01/15  23:00:00,74069725.5545251,,,0.0 
 01/15  24:00:00,78905136.3095137,,,0.0 
 01/16  01:00:00,79232118.0426284,,,0.0 
 01/16  02:00:00,79775602.2018212,,,0.0 
 01/16  03:00:00,81288069.8698998,,,0.0 
 01/16  04:00:00,82452869.455278,,,0.0 
 01/16  05:00:00,83834614.4029489,,,0.0 
 01/16  06:00:00,85902732.7200566,,,0.0 
 01/16  07:00:00,83790479.5698553,,,0.0 
 01/16  08:00:00,78401322.7667097,,,0.0 
 01/16  09:00:00,79108537.632164,,,0.0 
 01/16  10:00:00,70009130.853956,,,0.0 
 01/16  11:00:00,64314775.155211,,,0.0 
 01/16  12:00:00,57972565.9784537,,,0.0 
 01/16  13:00:00,65019099.8461883,,,0.0 
 01/16  14:00:00,64730951.2322998,,,0.0 
 01/16  15:00:00,63410472.2636552,,,0.0 
 01/16  16:00:00,66180775.6964535,,,0.0 
 01/16  17:00:00,69956182.016749,,,0.0 
 01/16  18:00:00,75536324.0230559,,,0.0 
 01/16  19:00:00,78437235.6421595,,,0.0 
 01/16  20:00:00,79163004.4464049,,,0.0 
 01/16  21:00:00,86115190.4100328,,,0.0 
 01/16  22:00:00,86821429.908462,,,0.0 
 01/16  23:00:00,87357575.3512848,,,0.0 
 01/16  24:00:00,92404937.7925344,,,0.0 
 01/17  01:00:00,93133964.6355951,,,0.0 
 01/17  02:00:00,93541430.0657888,,,0.0 
 01/17  03:00:00,94012116.3058523,,,0.0 
 01/17  04:00:00,94666105.3207586,,,0.0 
 01/17  05:00:00,95509641.3118112,,,0.0 
 01/17  06:00:00,96608886.3166645,,,0.0 
 01/17  07:00:00,93196342.1374009,,,0.0 
 01/17  08:00:00,85976275.1794745,,,0.0 
 01/17  09:00:00,86408231.725255,,,0.0 
 01/17  10:00:00,78576892.5253827,,,0.0 
 01/17  11:00:00,70293264.4201405,,,0.0 
 01/17  12:00:00,61596376.3118269,,,0.0 
 01/17  13:00:00,67524169.5399227,,,0.0 
 01/17  14:00:00,70629781.9603153,,,0.0 
 01/17  15:00:00,68454450.9843388,,,0.0 
 01/17  16:00:00,70427285.2664862,,,0.0 
 01/17  17:00:00,73873339.7053092,,,0.0 
 01/17  18:00:00,78726526.6378257,,,0.0 
 01/17  19:00:00,81494617.6924443,,,0.0 
 01/17  20:00:00,82555543.7883956,,,0.0 
 01/17  21:00:00,89792275.4391212,,,0.0 
 01/17  22:00:00,90661761.969566,,,0.0 
 01/17  23:00:00,92307319.4177666,,,0.0 
 01/17  24:00:00,99953252.6378827,,,0.0 
 01/18  01:00:00,106026979.47371,,,0.0 
 01/18  02:00:00,109249188.138571,,,0.0 
 01/18  03:00:00,107910686.805891,,,0.0 
 01/18  04:00:00,109582275.73593,,,0.0 
 01/18  05:00:00,114716599.096666,,,0.0 
 01/18  06:00:00,118791529.809123,,,0.0 
 01/18  07:00:00,117676144.296696,,,0.0 
 01/18  08:00:00,111625008.530778,,,0.0 
 01/18  09:00:00,109938757.50906,,,0.0 
 01/18  10:00:00,94944590.9792456,,,0.0 
 01/18  11:00:00,81177779.0681579,,,0.0 
 01/18  12:00:00,69514223.5611916,,,0.0 
 01/18  13:00:00,71093272.8504882,,,0.0 
 01/18  14:00:00,68922862.5085237,,,0.0 
 01/18  15:00:00,66266553.2983694,,,0.0 
 01/18  16:00:00,71712294.068893,,,0.0 
 01/18  17:00:00,77084679.192749,,,0.0 
 01/18  18:00:00,85582918.8248129,,,0.0 
 01/18  19:00:00,91903246.7172027,,,0.0 
 01/18  20:00:00,91905937.9775977,,,0.0 
 01/18  21:00:00,98122887.2286505,,,0.0 
 01/18  22:00:00,97584524.4762949,,,0.0 
 01/18  23:00:00,96431635.8270992,,,0.0 
 01/18  24:00:00,101070458.723788,,,0.0 
 01/19  01:00:00,101805975.210675,,,0.0 
 01/19  02:00:00,102521643.637327,,,0.0 
 01/19  03:00:00,103225361.782466,,,0.0 
 01/19  04:00:00,103826075.556944,,,0.0 
 01/19  05:00:00,103933989.964798,,,0.0 
 01/19  06:00:00,104218328.627123,,,0.0 
 01/19  07:00:00,100616091.365866,,,0.0 
 01/19  08:00:00,93455630.351335,,,0.0 
 01/19  09:00:00,93420310.275039,,,0.0 
 01/19  10:00:00,84856395.9604549,,,0.0 
 01/19  11:00:00,76244734.5657789,,,0.0 
 01/19  12:00:00,68249630.5801108,,,0.0 
 01/19  13:00:00,76208442.0595582,,,0.0 
 01/19  14:00:00,78370882.024043,,,0.0 
 01/19  15:00:00,75136071.1947469,,,0.0 
 01/19  16:00:00,75755428.5270437,,,0.0 
 01/19  17:00:00,78784868.5168714,,,0.0 
 01/19  18:00:00,83218222.7865092,,,0.0 
 01/19  19:00:00,85374868.6927826,,,0.0 
 01/19  20:00:00,85606792.338005,,,0.0 
 01/19  21:00:00,91726899.5278657,,,0.0 
 01/19  22:00:00,91259692.0850441,,,0.0 
 01/19  23:00:00,91245833.1176245,,,0.0 
 01/19  24:00:00,95892271.6256787,,,0.0 
 01/20  01:00:00,96329805.0352952,,,0.0 
 01/20  02:00:00,96940262.0105345,,,0.0 
 01/20  03:00:00,97556674.7197964,,,0.0 
 01/20  04:00:00,98219979.8534301,,,0.0 
 01/20  05:00:00,98927126.9867119,,,0.0 
 01/20  06:00:00,99583784.3648787,,,0.0 
 01/20  07:00:00,95885738.8872366,,,0.0 
 01/20  08:00:00,88355300.7161216,,,0.0 
 01/20  09:00:00,89081823.5503073,,,0.0 
 01/20  10:00:00,82710081.1898867,,,0.0 
 01/20  11:00:00,74365306.4926642,,,0.0 
 01/20  12:00:00,64800847.1389533,,,0.0 
 01/20  13:00:00,71943236.6236463,,,0.0 
 01/20  14:00:00,75387941.8804582,,,0.0 
 01/20  15:00:00,71231153.0190232,,,0.0 
 01/20  16:00:00,71205140.4433328,,,0.0 
 01/20  17:00:00,75076089.8030136,,,0.0 
 01/20  18:00:00,80138607.2168306,,,0.0 
 01/20  19:00:00,82728229.2754804,,,0.0 
 01/20  20:00:00,83114553.1830745,,,0.0 
 01/20  21:00:00,89617249.1005755,,,0.0 
 01/20  22:00:00,89669330.3091591,,,0.0 
 01/20  23:00:00,88572809.2887311,,,0.0 
 01/20  24:00:00,91722089.2988534,,,0.0 
 01/21  01:00:00,91998125.9896551,,,0.0 
 01/21  02:00:00,92962141.1799159,,,0.0 
 01/21  03:00:00,93774694.0844175,,,0.0 
 01/21  04:00:00,94565132.2079151,,,0.0 
 01/21  05:00:00,95458456.8592416,,,0.0 
 01/21  06:00:00,96373348.170588,,,0.0 
 01/21  07:00:00,93039193.5690507,,,0.0 
 01/21  08:00:00,85887816.1188712,,,0.0 
 01/21  09:00:00,84718340.6705276,,,0.0 
 01/21  10:00:00,75872596.772948,,,0.0 
 01/21  11:00:00,68270455.4881262,,,0.0 
 01/21  12:00:00,53062634.0006519,,,0.0 
 01/21  13:00:00,62172296.1736883,,,0.0 
 01/21  14:00:00,65266642.1203532,,,0.0 
 01/21  15:00:00,63453930.3141932,,,0.0 
 01/21  16:00:00,64248666.966308,,,0.0 
 01/21  17:00:00,67065927.5780649,,,0.0 
 01/21  18:00:00,71402126.9337085,,,0.0 
 01/21  19:00:00,73796521.9923489,,,0.0 
 01/21  20:00:00,74824895.1820473,,,0.0 
 01/21  21:00:00,82171497.1024129,,,0.0 
 01/21  22:00:00,82621865.8876948,,,0.0 
 01/21  23:00:00,82661129.5157022,,,0.0 
 01/21  24:00:00,87080396.5598038,,,0.0 
 01/22  01:00:00,86351420.7612622,,,0.0 
 01/22  02:00:00,84752335.7277852,,,0.0 
 01/22  03:00:00,84320523.6813848,,,0.0 
 01/22  04:00:00,83936911.2835839,,,0.0 
 01/22  05:00:00,83318353.5016177,,,0.0 
 01/22  06:00:00,83322776.1882811,,,0.0 
 01/22  07:00:00,80383764.8373049,,,0.0 
 01/22  08:00:00,74110815.3473394,,,0.0 
 01/22  09:00:00,74349737.2726559,,,0.0 
 01/22  10:00:00,66675122.389069,,,0.0 
 01/22  11:00:00,62193931.2810994,,,0.0 
 01/22  12:00:00,54562491.3665754,,,0.0 
 01/22  13:00:00,57456402.7112655,,,0.0 
 01/22  14:00:00,55182370.1923292,,,0.0 
 01/22  15:00:00,53062136.2638291,,,0.0 
 01/22  16:00:00,55339381.6731353,,,0.0 
 01/22  17:00:00,60237087.3088345,,,0.0 
 01/22  18:00:00,66514014.4915363,,,0.0 
 01/22  19:00:00,70811549.0840486,,,0.0 
 01/22  20:00:00,72579589.8314974,,,0.0 
 01/22  21:00:00,81023485.9309663,,,0.0 
 01/22  22:00:00,83863947.4819101,,,0.0 
 01/22  23:00:00,87104644.4045115,,,0.0 
 01/22  24:00:00,94191580.763748,,,0.0 
 01/23  01:00:00,95939763.6152639,,,0.0 
 01/23  02:00:00,95373311.6741589,,,0.0 
 01/23  03:00:00,94852791.1953118,,,0.0 
 01/23  04:00:00,95080856.889506,,,0.0 
 01/23  05:00:00,95838012.8709951,,,0.0 
 01/23  06:00:00,96496462.2666271,,,0.0 
 01/23  07:00:00,92913229.7484589,,,0.0 
 01/23  08:00:00,86753829.3100977,,,0.0 
 01/23  09:00:00,84042154.5938998,,,0.0 
 01/23  10:00:00,70450570.0411301,,,0.0 
 01/23  11:00:00,56915507.6987118,,,0.0 
 01/23  12:00:00,45263171.7735786,,,0.0 
 01/23  13:00:00,49200517.3383944,,,0.0 
 01/23  14:00:00,49891120.0094083,,,0.0 
 01/23  15:00:00,48532320.7358752,,,0.0 
 01/23  16:00:00,53409167.7761709,,,0.0 
 01/23  17:00:00,57980882.0450235,,,0.0 
 01/23  18:00:00,64744830.4442542,,,0.0 
 01/23  19:00:00,68978675.6646173,,,0.0 
 01/23  20:00:00,69807020.9573211,,,0.0 
 01/23  21:00:00,76026036.5610544,,,0.0 
 01/23  22:00:00,75500939.6328433,,,0.0 
 01/23  23:00:00,75627448.9602633,,,0.0 
 01/23  24:00:00,80442798.3181718,,,0.0 
 01/24  01:00:00,81125838.8211699,,,0.0 
 01/24  02:00:00,82806239.87646,,,0.0 
 01/24  03:00:00,83773958.8569389,,,0.0 
 01/24  04:00:00,83794362.1124655,,,0.0 
 01/24  05:00:00,84085726.7910418,,,0.0 
 01/24  06:00:00,83996272.3574948,,,0.0 
 01/24  07:00:00,78762628.5801672,,,0.0 
 01/24  08:00:00,70416039.2389096,,,0.0 
 01/24  09:00:00,72187947.4629765,,,0.0 
 01/24  10:00:00,67774312.2202896,,,0.0 
 01/24  11:00:00,63552160.4416036,,,0.0 
 01/24  12:00:00,56246011.0043827,,,0.0 
 01/24  13:00:00,63071040.6486413,,,0.0 
 01/24  14:00:00,65241163.1184537,,,0.0 
 01/24  15:00:00,62353985.06271,,,0.0 
 01/24  16:00:00,62954657.4996353,,,0.0 
 01/24  17:00:00,64986894.9417194,,,0.0 
 01/24  18:00:00,69772582.1033285,,,0.0 
 01/24  19:00:00,72837993.4407887,,,0.0 
 01/24  20:00:00,73736149.8649964,,,0.0 
 01/24  21:00:00,80467661.4951408,,,0.0 
 01/24  22:00:00,80887064.9192908,,,0.0 
 01/24  23:00:00,81603337.3545323,,,0.0 
 01/24  24:00:00,86717184.2524407,,,0.0 
 01/25  01:00:00,87180029.7977183,,,0.0 
 01/25  02:00:00,87681667.8095239,,,0.0 
 01/25  03:00:00,88218472.2214445,,,0.0 
 01/25  04:00:00,88807315.8198686,,,0.0 
 01/25  05:00:00,89438614.5462647,,,0.0 
 01/25  06:00:00,90095204.9416422,,,0.0 
 01/25  07:00:00,86523009.2826009,,,0.0 
 01/25  08:00:00,79457637.9236017,,,0.0 
 01/25  09:00:00,78485263.0296155,,,0.0 
 01/25  10:00:00,70089380.229999,,,0.0 
 01/25  11:00:00,63749074.0059029,,,0.0 
 01/25  12:00:00,53670425.2445098,,,0.0 
 01/25  13:00:00,61644185.0080654,,,0.0 
 01/25  14:00:00,62471526.8663038,,,0.0 
 01/25  15:00:00,60907677.4118489,,,0.0 
 01/25  16:00:00,63525965.1624548,,,0.0 
 01/25  17:00:00,66821974.5812678,,,0.0 
 01/25  18:00:00,71963976.6550841,,,0.0 
 01/25  19:00:00,74990055.355609,,,0.0 
 01/25  20:00:00,76085660.4751179,,,0.0 
 01/25  21:00:00,83583914.1324804,,,0.0 
 01/25  22:00:00,85202736.9910788,,,0.0 
 01/25  23:00:00,86324134.5773984,,,0.0 
 01/25  24:00:00,91391932.318269,,,0.0 
 01/26  01:00:00,92031761.1594117,,,0.0 
 01/26  02:00:00,93200605.7039501,,,0.0 
 01/26  03:00:00,95583313.1767405,,,0.0 
 01/26  04:00:00,96906743.7795835,,,0.0 
 01/26  05:00:00,97384656.2703551,,,0.0 
 01/26  06:00:00,97799569.0285474,,,0.0 
 01/26  07:00:00,93629932.6376658,,,0.0 
 01/26  08:00:00,86040023.4665204,,,0.0 
 01/26  09:00:00,84391756.0645226,,,0.0 
 01/26  10:00:00,75235769.2764722,,,0.0 
 01/26  11:00:00,67125328.7847252,,,0.0 
 01/26  12:00:00,54045698.0947617,,,0.0 
 01/26  13:00:00,57332044.8953226,,,0.0 
 01/26  14:00:00,58832384.1678313,,,0.0 
 01/26  15:00:00,57534767.1337825,,,0.0 
 01/26  16:00:00,59356924.8759167,,,0.0 
 01/26  17:00:00,65023126.5514097,,,0.0 
 01/26  18:00:00,71762272.8141101,,,0.0 
 01/26  19:00:00,76413363.402087,,,0.0 
 01/26  20:00:00,78413311.9778915,,,0.0 
 01/26  21:00:00,85599105.0908121,,,0.0 
 01/26  22:00:00,86434979.2206148,,,0.0 
 01/26  23:00:00,86688636.9900378,,,0.0 
 01/26  24:00:00,90754625.7887556,,,0.0 
 01/27  01:00:00,90052517.2706863,,,0.0 
 01/27  02:00:00,89684268.516599,,,0.0 
 01/27  03:00:00,90221888.699883,,,0.0 
 01/27  04:00:00,91800184.5643819,,,0.0 
 01/27  05:00:00,94423339.2686797,,,0.0 
 01/27  06:00:00,96601516.637596,,,0.0 
 01/27  07:00:00,93519674.467857,,,0.0 
 01/27  08:00:00,86271625.3886913,,,0.0 
 01/27  09:00:00,82442430.7012469,,,0.0 
 01/27  10:00:00,68855980.5612951,,,0.0 
 01/27  11:00:00,57619458.6247614,,,0.0 
 01/27  12:00:00,50172138.038982,,,0.0 
 01/27  13:00:00,55466355.4637503,,,0.0 
 01/27  14:00:00,58212133.4114523,,,0.0 
 01/27  15:00:00,55940204.5797603,,,0.0 
 01/27  16:00:00,58008743.9406905,,,0.0 
 01/27  17:00:00,60408129.8534599,,,0.0 
 01/27  18:00:00,65127751.2620382,,,0.0 
 01/27  19:00:00,67652144.1163783,,,0.0 
 01/27  20:00:00,67406345.8810765,,,0.0 
 01/27  21:00:00,73182234.3235566,,,0.0 
 01/27  22:00:00,73425308.6004501,,,0.0 
 01/27  23:00:00,73805836.5991217,,,0.0 
 01/27  24:00:00,78349830.0173452,,,0.0 
 01/28  01:00:00,78459196.6014052,,,0.0 
 01/28  02:00:00,78615418.5078593,,,0.0 
 01/28  03:00:00,78948426.2809499,,,0.0 
 01/28  04:00:00,79334266.1497595,,,0.0 
 01/28  05:00:00,79540771.5723559,,,0.0 
 01/28  06:00:00,79843538.9865953,,,0.0 
 01/28  07:00:00,75870252.9393028,,,0.0 
 01/28  08:00:00,68380710.8794041,,,0.0 
 01/28  09:00:00,69519937.7934457,,,0.0 
 01/28  10:00:00,62484153.4793833,,,0.0 
 01/28  11:00:00,56546245.7916412,,,0.0 
 01/28  12:00:00,49263411.1242843,,,0.0 
 01/28  13:00:00,54461139.3102435,,,0.0 
 01/28  14:00:00,52537474.657637,,,0.0 
 01/28  15:00:00,47032168.651378,,,0.0 
 01/28  16:00:00,50041939.316302,,,0.0 
 01/28  17:00:00,54710787.12308,,,0.0 
 01/28  18:00:00,60494602.0945227,,,0.0 
 01/28  19:00:00,63865521.5862424,,,0.0 
 01/28  20:00:00,64486158.3579762,,,0.0 
 01/28  21:00:00,71629316.2010289,,,0.0 
 01/28  22:00:00,72447984.2217509,,,0.0 
 01/28  23:00:00,72388310.6289944,,,0.0 
 01/28  24:00:00,75976919.9236703,,,0.0 
 01/29  01:00:00,75145397.5490584,,,0.0 
 01/29  02:00:00,74325781.4704799,,,0.0 
 01/29  03:00:00,73607740.4287672,,,0.0 
 01/29  04:00:00,73147913.2532487,,,0.0 
 01/29  05:00:00,73007639.8558207,,,0.0 
 01/29  06:00:00,72964600.5336106,,,0.0 
 01/29  07:00:00,69032736.6283062,,,0.0 
 01/29  08:00:00,61967177.2263003,,,0.0 
 01/29  09:00:00,61413849.9864769,,,0.0 
 01/29  10:00:00,53559478.2694572,,,0.0 
 01/29  11:00:00,47133660.9482275,,,0.0 
 01/29  12:00:00,41375979.361457,,,0.0 
 01/29  13:00:00,47963117.5137395,,,0.0 
 01/29  14:00:00,51046762.5622883,,,0.0 
 01/29  15:00:00,49363934.5784574,,,0.0 
 01/29  16:00:00,50304755.4035655,,,0.0 
 01/29  17:00:00,51679561.6302238,,,0.0 
 01/29  18:00:00,55454822.782177,,,0.0 
 01/29  19:00:00,57472638.8034942,,,0.0 
 01/29  20:00:00,57726579.6999025,,,0.0 
 01/29  21:00:00,63488498.7549704,,,0.0 
 01/29  22:00:00,63222245.4961943,,,0.0 
 01/29  23:00:00,62922677.4563467,,,0.0 
 01/29  24:00:00,66974125.4430863,,,0.0 
 01/30  01:00:00,66514061.9505455,,,0.0 
 01/30  02:00:00,65934622.3644726,,,0.0 
 01/30  03:00:00,65757410.6528056,,,0.0 
 01/30  04:00:00,65282129.94984,,,0.0 
 01/30  05:00:00,65048965.879518,,,0.0 
 01/30  06:00:00,65576627.3567228,,,0.0 
 01/30  07:00:00,62111168.7455715,,,0.0 
 01/30  08:00:00,54399350.7848437,,,0.0 
 01/30  09:00:00,52739539.6143647,,,0.0 
 01/30  10:00:00,47609096.2241977,,,0.0 
 01/30  11:00:00,40922616.9463659,,,0.0 
 01/30  12:00:00,32798495.2762119,,,0.0 
 01/30  13:00:00,37597565.3355328,,,0.0 
 01/30  14:00:00,38263300.1295264,,,0.0 
 01/30  15:00:00,35948672.3730115,,,0.0 
 01/30  16:00:00,37714412.3028705,,,0.0 
 01/30  17:00:00,39953327.5059032,,,0.0 
 01/30  18:00:00,44322995.8186111,,,0.0 
 01/30  19:00:00,46861176.0523194,,,0.0 
 01/30  20:00:00,47263701.827595,,,0.0 
 01/30  21:00:00,52876300.0968039,,,0.0 
 01/30  22:00:00,53587046.4816096,,,0.0 
 01/30  23:00:00,54410818.8621568,,,0.0 
 01/30  24:00:00,59195952.2690703,,,0.0 
 01/31  01:00:00,59985811.7001508,,,0.0 
 01/31  02:00:00,61073429.7524223,,,0.0 
 01/31  03:00:00,62418593.6453298,,,0.0 
 01/31  04:00:00,63494068.7468618,,,0.0 
 01/31  05:00:00,64181009.5899483,,,0.0 
 01/31  06:00:00,65497642.4556174,,,0.0 
 01/31  07:00:00,62782534.4381396,,,0.0 
 01/31  08:00:00,55974163.2307331,,,0.0 
 01/31  09:00:00,50526120.534184,,,0.0 
 01/31  10:00:00,37666577.4764659,,,0.0 
 01/31  11:00:00,30860323.7021428,,,0.0 
 01/31  12:00:00,25002223.2504908,,,0.0 
 01/31  13:00:00,27121447.3007799,,,0.0 
 01/31  14:00:00,27377132.4928565,,,0.0 
 01/31  15:00:00,25210421.5497451,,,0.0 
 01/31  16:00:00,27100580.4586771,,,0.0 
 01/31  17:00:00,29753104.5281263,,,0.0 
 01/31  18:00:00,33561027.513689,,,0.0 
 01/31  19:00:00,35962782.5261734,,,0.0 
 01/31  20:00:00,36663300.0136869,,,0.0 
 01/31  21:00:00,41916608.5590525,,,0.0 
 01/31  22:00:00,42447877.6694906,,,0.0 
 01/31  23:00:00,43133907.1679329,,,0.0 
 01/31  24:00:00,48017962.0689102,50009138348.9186,,0.0,0.0 
 02/01  01:00:00,49210106.0192431,,,0.0 
 02/01  02:00:00,50192164.6490623,,,0.0 
 02/01  03:00:00,50787368.215399,,,0.0 
 02/01  04:00:00,50811379.4054471,,,0.0 
 02/01  05:00:00,50719651.3606077,,,0.0 
 02/01  06:00:00,50906588.9705219,,,0.0 
 02/01  07:00:00,48530127.7468667,,,0.0 
 02/01  08:00:00,44194702.9141976,,,0.0 
 02/01  09:00:00,45320124.9040613,,,0.0 
 02/01  10:00:00,43095537.7727164,,,0.0 
 02/01  11:00:00,40217063.9549741,,,0.0 
 02/01  12:00:00,35807248.3641119,,,0.0 
 02/01  13:00:00,40093613.4972815,,,0.0 
 02/01  14:00:00,40954378.3811465,,,0.0 
 02/01  15:00:00,39275759.2781499,,,0.0 
 02/01  16:00:00,39769721.4750428,,,0.0 
 02/01  17:00:00,39855966.9307176,,,0.0 
 02/01  18:00:00,41494750.2847188,,,0.0 
 02/01  19:00:00,42711166.0374682,,,0.0 
 02/01  20:00:00,43226664.7834057,,,0.0 
 02/01  21:00:00,47091531.6237761,,,0.0 
 02/01  22:00:00,46916183.0359287,,,0.0 
 02/01  23:00:00,46944530.6994451,,,0.0 
 02/01  24:00:00,50143277.9955348,,,0.0 
 02/02  01:00:00,50528739.7146254,,,0.0 
 02/02  02:00:00,51168275.5640507,,,0.0 
 02/02  03:00:00,52911692.7562299,,,0.0 
 02/02  04:00:00,54824181.6926156,,,0.0 
 02/02  05:00:00,56112405.835587,,,0.0 
 02/02  06:00:00,57223027.478375,,,0.0 
 02/02  07:00:00,55459816.8845593,,,0.0 
 02/02  08:00:00,51357704.8847453,,,0.0 
 02/02  09:00:00,51742510.4688618,,,0.0 
 02/02  10:00:00,48094279.4455063,,,0.0 
 02/02  11:00:00,43593065.2352207,,,0.0 
 02/02  12:00:00,38416592.9534867,,,0.0 
 02/02  13:00:00,41586065.2153718,,,0.0 
 02/02  14:00:00,43484408.522792,,,0.0 
 02/02  15:00:00,42357649.3377199,,,0.0 
 02/02  16:00:00,43626887.6707842,,,0.0 
 02/02  17:00:00,46480219.045988,,,0.0 
 02/02  18:00:00,50182790.4426101,,,0.0 
 02/02  19:00:00,52160929.1765472,,,0.0 
 02/02  20:00:00,53532428.2689007,,,0.0 
 02/02  21:00:00,58750712.4805643,,,0.0 
 02/02  22:00:00,59138672.3540357,,,0.0 
 02/02  23:00:00,60370653.8941743,,,0.0 
 02/02  24:00:00,64925399.0832428,,,0.0 
 02/03  01:00:00,66530656.3451606,,,0.0 
 02/03  02:00:00,67696957.5068291,,,0.0 
 02/03  03:00:00,67827769.3207996,,,0.0 
 02/03  04:00:00,68250114.7516018,,,0.0 
 02/03  05:00:00,68614672.8479102,,,0.0 
 02/03  06:00:00,68877063.2473413,,,0.0 
 02/03  07:00:00,66638365.3678171,,,0.0 
 02/03  08:00:00,61695370.1059925,,,0.0 
 02/03  09:00:00,61755605.3872176,,,0.0 
 02/03  10:00:00,55480051.5431267,,,0.0 
 02/03  11:00:00,45749000.1258409,,,0.0 
 02/03  12:00:00,36283725.6522767,,,0.0 
 02/03  13:00:00,39822285.4028602,,,0.0 
 02/03  14:00:00,39144386.8759689,,,0.0 
 02/03  15:00:00,37279495.9187585,,,0.0 
 02/03  16:00:00,40775424.182328,,,0.0 
 02/03  17:00:00,45641262.415117,,,0.0 
 02/03  18:00:00,49862830.4315501,,,0.0 
 02/03  19:00:00,51975048.4978855,,,0.0 
 02/03  20:00:00,52879106.640745,,,0.0 
 02/03  21:00:00,57564075.1053582,,,0.0 
 02/03  22:00:00,58182175.5018204,,,0.0 
 02/03  23:00:00,58863738.6787684,,,0.0 
 02/03  24:00:00,62255917.6915787,,,0.0 
 02/04  01:00:00,63197669.1666953,,,0.0 
 02/04  02:00:00,64353494.4879131,,,0.0 
 02/04  03:00:00,64766477.2474537,,,0.0 
 02/04  04:00:00,64895726.8520464,,,0.0 
 02/04  05:00:00,65102854.5390454,,,0.0 
 02/04  06:00:00,65524098.3021424,,,0.0 
 02/04  07:00:00,63036346.8029173,,,0.0 
 02/04  08:00:00,57747652.2540677,,,0.0 
 02/04  09:00:00,57941892.1718528,,,0.0 
 02/04  10:00:00,53119440.3142131,,,0.0 
 02/04  11:00:00,48647752.8980332,,,0.0 
 02/04  12:00:00,42294874.9223963,,,0.0 
 02/04  13:00:00,46843845.2560459,,,0.0 
 02/04  14:00:00,48750181.6899583,,,0.0 
 02/04  15:00:00,46752708.7544793,,,0.0 
 02/04  16:00:00,46782900.7580779,,,0.0 
 02/04  17:00:00,47718705.414926,,,0.0 
 02/04  18:00:00,50661611.2444895,,,0.0 
 02/04  19:00:00,51908968.1504629,,,0.0 
 02/04  20:00:00,52171096.4073815,,,0.0 
 02/04  21:00:00,56420987.6436381,,,0.0 
 02/04  22:00:00,56675149.8971503,,,0.0 
 02/04  23:00:00,56890149.8437373,,,0.0 
 02/04  24:00:00,59570246.2240719,,,0.0 
 02/05  01:00:00,59578582.9325645,,,0.0 
 02/05  02:00:00,60222464.1069777,,,0.0 
 02/05  03:00:00,60808472.4833369,,,0.0 
 02/05  04:00:00,61076245.650156,,,0.0 
 02/05  05:00:00,60864966.3999797,,,0.0 
 02/05  06:00:00,60497565.0222713,,,0.0 
 02/05  07:00:00,57365227.5652878,,,0.0 
 02/05  08:00:00,52589511.5522779,,,0.0 
 02/05  09:00:00,54820607.7633694,,,0.0 
 02/05  10:00:00,49901993.8890927,,,0.0 
 02/05  11:00:00,37928828.4213288,,,0.0 
 02/05  12:00:00,30765858.1125602,,,0.0 
 02/05  13:00:00,37476733.1449673,,,0.0 
 02/05  14:00:00,40288657.7685086,,,0.0 
 02/05  15:00:00,38882022.3399714,,,0.0 
 02/05  16:00:00,41001574.3541283,,,0.0 
 02/05  17:00:00,46425862.3087642,,,0.0 
 02/05  18:00:00,52616531.455014,,,0.0 
 02/05  19:00:00,54507322.7128391,,,0.0 
 02/05  20:00:00,54862952.6135016,,,0.0 
 02/05  21:00:00,59573195.0399766,,,0.0 
 02/05  22:00:00,59899652.9435785,,,0.0 
 02/05  23:00:00,60264763.1858251,,,0.0 
 02/05  24:00:00,63929235.8221072,,,0.0 
 02/06  01:00:00,65240512.1476215,,,0.0 
 02/06  02:00:00,66543938.9843585,,,0.0 
 02/06  03:00:00,67250095.6022846,,,0.0 
 02/06  04:00:00,68097526.2107572,,,0.0 
 02/06  05:00:00,68458473.1813389,,,0.0 
 02/06  06:00:00,69276999.9967024,,,0.0 
 02/06  07:00:00,67661768.8453259,,,0.0 
 02/06  08:00:00,61946747.4168973,,,0.0 
 02/06  09:00:00,58831193.8522161,,,0.0 
 02/06  10:00:00,55559385.8260751,,,0.0 
 02/06  11:00:00,52089471.8980903,,,0.0 
 02/06  12:00:00,46211541.9400096,,,0.0 
 02/06  13:00:00,50647816.85468,,,0.0 
 02/06  14:00:00,53112788.1287069,,,0.0 
 02/06  15:00:00,50259080.8249023,,,0.0 
 02/06  16:00:00,51194002.8179446,,,0.0 
 02/06  17:00:00,53128944.2400336,,,0.0 
 02/06  18:00:00,56804578.7778817,,,0.0 
 02/06  19:00:00,58408323.4806203,,,0.0 
 02/06  20:00:00,58700503.8746205,,,0.0 
 02/06  21:00:00,63748463.0360424,,,0.0 
 02/06  22:00:00,64778435.5979716,,,0.0 
 02/06  23:00:00,65927818.8982163,,,0.0 
 02/06  24:00:00,69482789.4309177,,,0.0 
 02/07  01:00:00,69950444.9100547,,,0.0 
 02/07  02:00:00,70387170.3262808,,,0.0 
 02/07  03:00:00,70886956.8510912,,,0.0 
 02/07  04:00:00,71864326.0972509,,,0.0 
 02/07  05:00:00,72420693.7445249,,,0.0 
 02/07  06:00:00,72893284.8694945,,,0.0 
 02/07  07:00:00,71435806.5847112,,,0.0 
 02/07  08:00:00,68405662.1562753,,,0.0 
 02/07  09:00:00,65368177.2649073,,,0.0 
 02/07  10:00:00,62313323.5834663,,,0.0 
 02/07  11:00:00,55728544.3138522,,,0.0 
 02/07  12:00:00,49537690.9185015,,,0.0 
 02/07  13:00:00,51342273.6243017,,,0.0 
 02/07  14:00:00,48516361.8409712,,,0.0 
 02/07  15:00:00,44816436.1383327,,,0.0 
 02/07  16:00:00,49579340.0283792,,,0.0 
 02/07  17:00:00,54429347.1200937,,,0.0 
 02/07  18:00:00,58881785.0822997,,,0.0 
 02/07  19:00:00,60969520.9031389,,,0.0 
 02/07  20:00:00,61675392.547068,,,0.0 
 02/07  21:00:00,66987242.9640075,,,0.0 
 02/07  22:00:00,67630983.9600238,,,0.0 
 02/07  23:00:00,68437070.0604903,,,0.0 
 02/07  24:00:00,71870844.2606253,,,0.0 
 02/08  01:00:00,72255197.520467,,,0.0 
 02/08  02:00:00,72878374.0048519,,,0.0 
 02/08  03:00:00,73412831.9263766,,,0.0 
 02/08  04:00:00,73780281.4347762,,,0.0 
 02/08  05:00:00,74192732.3305491,,,0.0 
 02/08  06:00:00,74985934.4872433,,,0.0 
 02/08  07:00:00,72953221.3595273,,,0.0 
 02/08  08:00:00,67784919.1470475,,,0.0 
 02/08  09:00:00,62767719.5211759,,,0.0 
 02/08  10:00:00,52980988.5730912,,,0.0 
 02/08  11:00:00,47087414.8939899,,,0.0 
 02/08  12:00:00,43379212.5437071,,,0.0 
 02/08  13:00:00,47458285.2453147,,,0.0 
 02/08  14:00:00,47969373.1589321,,,0.0 
 02/08  15:00:00,45152353.364755,,,0.0 
 02/08  16:00:00,49130859.9482615,,,0.0 
 02/08  17:00:00,53690955.3802769,,,0.0 
 02/08  18:00:00,58631623.3081053,,,0.0 
 02/08  19:00:00,60931829.0579767,,,0.0 
 02/08  20:00:00,61814602.0325736,,,0.0 
 02/08  21:00:00,67099068.4118117,,,0.0 
 02/08  22:00:00,67681105.6516282,,,0.0 
 02/08  23:00:00,68715400.3392455,,,0.0 
 02/08  24:00:00,72575884.9011875,,,0.0 
 02/09  01:00:00,73119018.4793413,,,0.0 
 02/09  02:00:00,73677271.1632235,,,0.0 
 02/09  03:00:00,74888713.4285656,,,0.0 
 02/09  04:00:00,76485969.4033955,,,0.0 
 02/09  05:00:00,77843993.7373287,,,0.0 
 02/09  06:00:00,79460592.5616576,,,0.0 
 02/09  07:00:00,78379692.7347694,,,0.0 
 02/09  08:00:00,72869920.9748937,,,0.0 
 02/09  09:00:00,67214024.2349864,,,0.0 
 02/09  10:00:00,58121854.6149359,,,0.0 
 02/09  11:00:00,52007247.3231791,,,0.0 
 02/09  12:00:00,41741544.1100131,,,0.0 
 02/09  13:00:00,47174677.0019583,,,0.0 
 02/09  14:00:00,52075163.8939668,,,0.0 
 02/09  15:00:00,50466374.8019629,,,0.0 
 02/09  16:00:00,52790300.7207357,,,0.0 
 02/09  17:00:00,58629065.5477974,,,0.0 
 02/09  18:00:00,64147717.5517488,,,0.0 
 02/09  19:00:00,65515656.6932525,,,0.0 
 02/09  20:00:00,65710033.8189311,,,0.0 
 02/09  21:00:00,72523636.8102173,,,0.0 
 02/09  22:00:00,74691677.1879755,,,0.0 
 02/09  23:00:00,75743537.4032432,,,0.0 
 02/09  24:00:00,79601233.8383849,,,0.0 
 02/10  01:00:00,81726720.872545,,,0.0 
 02/10  02:00:00,83958285.0194555,,,0.0 
 02/10  03:00:00,85441264.811353,,,0.0 
 02/10  04:00:00,85954074.2953588,,,0.0 
 02/10  05:00:00,85711285.4195683,,,0.0 
 02/10  06:00:00,86797279.9943231,,,0.0 
 02/10  07:00:00,86706216.1900417,,,0.0 
 02/10  08:00:00,83807504.1500968,,,0.0 
 02/10  09:00:00,78820561.9952312,,,0.0 
 02/10  10:00:00,64848171.5064921,,,0.0 
 02/10  11:00:00,54135563.0458036,,,0.0 
 02/10  12:00:00,46292250.7572204,,,0.0 
 02/10  13:00:00,48871669.9462026,,,0.0 
 02/10  14:00:00,49946202.3423893,,,0.0 
 02/10  15:00:00,49115358.8898565,,,0.0 
 02/10  16:00:00,53551105.1703262,,,0.0 
 02/10  17:00:00,58755112.6810955,,,0.0 
 02/10  18:00:00,65260331.2437616,,,0.0 
 02/10  19:00:00,71046792.4314824,,,0.0 
 02/10  20:00:00,73310347.6057086,,,0.0 
 02/10  21:00:00,77314873.0431066,,,0.0 
 02/10  22:00:00,76727531.7911129,,,0.0 
 02/10  23:00:00,77275763.9443392,,,0.0 
 02/10  24:00:00,81584483.5527789,,,0.0 
 02/11  01:00:00,82677495.8397462,,,0.0 
 02/11  02:00:00,83842292.1366749,,,0.0 
 02/11  03:00:00,84480954.286594,,,0.0 
 02/11  04:00:00,85216112.8668685,,,0.0 
 02/11  05:00:00,86178816.8660297,,,0.0 
 02/11  06:00:00,86865345.750128,,,0.0 
 02/11  07:00:00,84708236.7912837,,,0.0 
 02/11  08:00:00,79549293.1106771,,,0.0 
 02/11  09:00:00,78284116.5052967,,,0.0 
 02/11  10:00:00,70347793.4538427,,,0.0 
 02/11  11:00:00,63729510.4687413,,,0.0 
 02/11  12:00:00,54367771.5553662,,,0.0 
 02/11  13:00:00,58624218.6746347,,,0.0 
 02/11  14:00:00,61753982.649712,,,0.0 
 02/11  15:00:00,60620208.6477618,,,0.0 
 02/11  16:00:00,62662180.3988242,,,0.0 
 02/11  17:00:00,65844080.0705101,,,0.0 
 02/11  18:00:00,69527009.0044096,,,0.0 
 02/11  19:00:00,71258856.382561,,,0.0 
 02/11  20:00:00,72198413.794217,,,0.0 
 02/11  21:00:00,77685127.6309832,,,0.0 
 02/11  22:00:00,78698689.9430031,,,0.0 
 02/11  23:00:00,80264465.6882531,,,0.0 
 02/11  24:00:00,84900697.0423995,,,0.0 
 02/12  01:00:00,85762462.8680773,,,0.0 
 02/12  02:00:00,86323200.0378731,,,0.0 
 02/12  03:00:00,87113945.0758657,,,0.0 
 02/12  04:00:00,88044348.5179871,,,0.0 
 02/12  05:00:00,89026516.8485253,,,0.0 
 02/12  06:00:00,90133587.3554184,,,0.0 
 02/12  07:00:00,88049790.289851,,,0.0 
 02/12  08:00:00,82559796.9789197,,,0.0 
 02/12  09:00:00,81491421.6348906,,,0.0 
 02/12  10:00:00,76243984.5388505,,,0.0 
 02/12  11:00:00,69288271.5071135,,,0.0 
 02/12  12:00:00,61769939.4021263,,,0.0 
 02/12  13:00:00,67511219.9621257,,,0.0 
 02/12  14:00:00,70344623.5833149,,,0.0 
 02/12  15:00:00,69484333.9498321,,,0.0 
 02/12  16:00:00,71180557.4982356,,,0.0 
 02/12  17:00:00,74064632.4487297,,,0.0 
 02/12  18:00:00,77694806.6900665,,,0.0 
 02/12  19:00:00,79278140.6858125,,,0.0 
 02/12  20:00:00,79884596.4910849,,,0.0 
 02/12  21:00:00,85794047.0081473,,,0.0 
 02/12  22:00:00,86825404.5853401,,,0.0 
 02/12  23:00:00,87884424.2660919,,,0.0 
 02/12  24:00:00,91936717.1488789,,,0.0 
 02/13  01:00:00,92906130.8344631,,,0.0 
 02/13  02:00:00,93995265.1145928,,,0.0 
 02/13  03:00:00,95087234.9864527,,,0.0 
 02/13  04:00:00,95990754.3881575,,,0.0 
 02/13  05:00:00,96333146.9443592,,,0.0 
 02/13  06:00:00,96809172.5244521,,,0.0 
 02/13  07:00:00,94600071.1293633,,,0.0 
 02/13  08:00:00,88535547.5825371,,,0.0 
 02/13  09:00:00,82968480.3820679,,,0.0 
 02/13  10:00:00,73963046.2515842,,,0.0 
 02/13  11:00:00,66998175.602164,,,0.0 
 02/13  12:00:00,61187664.8601566,,,0.0 
 02/13  13:00:00,64995291.8865981,,,0.0 
 02/13  14:00:00,66678142.9356041,,,0.0 
 02/13  15:00:00,66634373.0257782,,,0.0 
 02/13  16:00:00,69785377.9198314,,,0.0 
 02/13  17:00:00,74060571.6714878,,,0.0 
 02/13  18:00:00,79036829.3545283,,,0.0 
 02/13  19:00:00,81733208.8462168,,,0.0 
 02/13  20:00:00,83567679.0563342,,,0.0 
 02/13  21:00:00,91339674.2542275,,,0.0 
 02/13  22:00:00,95759498.6546417,,,0.0 
 02/13  23:00:00,100067636.003438,,,0.0 
 02/13  24:00:00,107167644.208449,,,0.0 
 02/14  01:00:00,110847839.068016,,,0.0 
 02/14  02:00:00,114009122.897842,,,0.0 
 02/14  03:00:00,115009803.899961,,,0.0 
 02/14  04:00:00,116187793.141694,,,0.0 
 02/14  05:00:00,118436971.799631,,,0.0 
 02/14  06:00:00,120172633.314824,,,0.0 
 02/14  07:00:00,119517476.760151,,,0.0 
 02/14  08:00:00,113940198.871135,,,0.0 
 02/14  09:00:00,104896628.673769,,,0.0 
 02/14  10:00:00,90812629.8367892,,,0.0 
 02/14  11:00:00,74443345.1437263,,,0.0 
 02/14  12:00:00,62814194.4902539,,,0.0 
 02/14  13:00:00,65471192.9229734,,,0.0 
 02/14  14:00:00,67495812.2178717,,,0.0 
 02/14  15:00:00,67077469.8133782,,,0.0 
 02/14  16:00:00,70307582.9958339,,,0.0 
 02/14  17:00:00,74390168.9999478,,,0.0 
 02/14  18:00:00,78527075.3729349,,,0.0 
 02/14  19:00:00,80439052.8433768,,,0.0 
 02/14  20:00:00,81631785.1025015,,,0.0 
 02/14  21:00:00,87775002.954528,,,0.0 
 02/14  22:00:00,88497555.6790428,,,0.0 
 02/14  23:00:00,88234978.0775257,,,0.0 
 02/14  24:00:00,90722832.7891373,,,0.0 
 02/15  01:00:00,90110179.7208614,,,0.0 
 02/15  02:00:00,89348905.1448957,,,0.0 
 02/15  03:00:00,88968059.7330109,,,0.0 
 02/15  04:00:00,88356518.7081972,,,0.0 
 02/15  05:00:00,87906921.7607305,,,0.0 
 02/15  06:00:00,88134085.7874997,,,0.0 
 02/15  07:00:00,85819074.5300781,,,0.0 
 02/15  08:00:00,79679922.1919214,,,0.0 
 02/15  09:00:00,75947048.0824459,,,0.0 
 02/15  10:00:00,70005005.1612182,,,0.0 
 02/15  11:00:00,66692367.2978763,,,0.0 
 02/15  12:00:00,60055165.684849,,,0.0 
 02/15  13:00:00,64816484.5406407,,,0.0 
 02/15  14:00:00,67277196.0744243,,,0.0 
 02/15  15:00:00,64427593.4514961,,,0.0 
 02/15  16:00:00,64704052.7833677,,,0.0 
 02/15  17:00:00,67514954.3980217,,,0.0 
 02/15  18:00:00,71750343.1372698,,,0.0 
 02/15  19:00:00,73576622.4022402,,,0.0 
 02/15  20:00:00,74261581.8935727,,,0.0 
 02/15  21:00:00,79371641.4399994,,,0.0 
 02/15  22:00:00,79654916.6277401,,,0.0 
 02/15  23:00:00,80054480.4643481,,,0.0 
 02/15  24:00:00,83362790.3681264,,,0.0 
 02/16  01:00:00,83677392.912156,,,0.0 
 02/16  02:00:00,84081442.6716149,,,0.0 
 02/16  03:00:00,84446483.9417984,,,0.0 
 02/16  04:00:00,84845807.222355,,,0.0 
 02/16  05:00:00,85179041.0498707,,,0.0 
 02/16  06:00:00,85399942.8059179,,,0.0 
 02/16  07:00:00,83033209.5715888,,,0.0 
 02/16  08:00:00,76824295.7283114,,,0.0 
 02/16  09:00:00,72498629.4976287,,,0.0 
 02/16  10:00:00,66064797.7203049,,,0.0 
 02/16  11:00:00,57492650.0910809,,,0.0 
 02/16  12:00:00,46784121.5802823,,,0.0 
 02/16  13:00:00,50683137.1633547,,,0.0 
 02/16  14:00:00,50635398.6281072,,,0.0 
 02/16  15:00:00,48489518.3526847,,,0.0 
 02/16  16:00:00,51204543.3403308,,,0.0 
 02/16  17:00:00,55401422.3369802,,,0.0 
 02/16  18:00:00,60904912.6749711,,,0.0 
 02/16  19:00:00,63711079.9077839,,,0.0 
 02/16  20:00:00,65920024.3608037,,,0.0 
 02/16  21:00:00,72754280.8078134,,,0.0 
 02/16  22:00:00,74480560.4653852,,,0.0 
 02/16  23:00:00,75868581.2694155,,,0.0 
 02/16  24:00:00,80510340.2005454,,,0.0 
 02/17  01:00:00,81808628.5904742,,,0.0 
 02/17  02:00:00,81273495.9281908,,,0.0 
 02/17  03:00:00,78979388.8187135,,,0.0 
 02/17  04:00:00,77636735.750323,,,0.0 
 02/17  05:00:00,77512251.4566566,,,0.0 
 02/17  06:00:00,77338227.42577,,,0.0 
 02/17  07:00:00,74464092.2475622,,,0.0 
 02/17  08:00:00,68635695.8122555,,,0.0 
 02/17  09:00:00,68082199.7330452,,,0.0 
 02/17  10:00:00,62315087.7487486,,,0.0 
 02/17  11:00:00,57146963.7798616,,,0.0 
 02/17  12:00:00,51213885.7766542,,,0.0 
 02/17  13:00:00,56743257.0469725,,,0.0 
 02/17  14:00:00,57360225.2134123,,,0.0 
 02/17  15:00:00,53761223.1624732,,,0.0 
 02/17  16:00:00,55713634.4619975,,,0.0 
 02/17  17:00:00,58038178.053626,,,0.0 
 02/17  18:00:00,61963610.092621,,,0.0 
 02/17  19:00:00,63547710.249884,,,0.0 
 02/17  20:00:00,64196339.2624529,,,0.0 
 02/17  21:00:00,69315950.3787049,,,0.0 
 02/17  22:00:00,69767567.9855829,,,0.0 
 02/17  23:00:00,70194807.3100922,,,0.0 
 02/17  24:00:00,73708665.1000136,,,0.0 
 02/18  01:00:00,75246020.432976,,,0.0 
 02/18  02:00:00,76662169.6591183,,,0.0 
 02/18  03:00:00,77852126.3293046,,,0.0 
 02/18  04:00:00,78443409.4190669,,,0.0 
 02/18  05:00:00,78301852.7196893,,,0.0 
 02/18  06:00:00,78649176.0111361,,,0.0 
 02/18  07:00:00,76719960.3572859,,,0.0 
 02/18  08:00:00,69867358.2565742,,,0.0 
 02/18  09:00:00,62896021.1417466,,,0.0 
 02/18  10:00:00,56341833.1669369,,,0.0 
 02/18  11:00:00,48336207.4630708,,,0.0 
 02/18  12:00:00,38076837.9581697,,,0.0 
 02/18  13:00:00,40570785.9666598,,,0.0 
 02/18  14:00:00,40788520.7933403,,,0.0 
 02/18  15:00:00,39343869.1723146,,,0.0 
 02/18  16:00:00,41189500.729443,,,0.0 
 02/18  17:00:00,46046408.6826405,,,0.0 
 02/18  18:00:00,52006989.0785217,,,0.0 
 02/18  19:00:00,55681140.342192,,,0.0 
 02/18  20:00:00,58399423.5215203,,,0.0 
 02/18  21:00:00,65067030.1754205,,,0.0 
 02/18  22:00:00,67857112.9628801,,,0.0 
 02/18  23:00:00,69404168.100039,,,0.0 
 02/18  24:00:00,73847841.458782,,,0.0 
 02/19  01:00:00,75911991.4758679,,,0.0 
 02/19  02:00:00,77479796.5331493,,,0.0 
 02/19  03:00:00,79146582.4135921,,,0.0 
 02/19  04:00:00,80637694.1840221,,,0.0 
 02/19  05:00:00,81621138.1961627,,,0.0 
 02/19  06:00:00,82495131.9051301,,,0.0 
 02/19  07:00:00,80685397.5906271,,,0.0 
 02/19  08:00:00,72855967.4572982,,,0.0 
 02/19  09:00:00,61311999.7935185,,,0.0 
 02/19  10:00:00,47145229.9336393,,,0.0 
 02/19  11:00:00,39299245.2115563,,,0.0 
 02/19  12:00:00,33983016.0121405,,,0.0 
 02/19  13:00:00,37117823.8542394,,,0.0 
 02/19  14:00:00,37404084.0646545,,,0.0 
 02/19  15:00:00,37287044.9606333,,,0.0 
 02/19  16:00:00,38695804.1078936,,,0.0 
 02/19  17:00:00,41999940.64029,,,0.0 
 02/19  18:00:00,46747695.7082336,,,0.0 
 02/19  19:00:00,49324392.1705374,,,0.0 
 02/19  20:00:00,50417999.6649336,,,0.0 
 02/19  21:00:00,54621570.1901217,,,0.0 
 02/19  22:00:00,54896147.401522,,,0.0 
 02/19  23:00:00,55860396.5309112,,,0.0 
 02/19  24:00:00,59502366.073739,,,0.0 
 02/20  01:00:00,60161774.1579142,,,0.0 
 02/20  02:00:00,60928414.8230441,,,0.0 
 02/20  03:00:00,61668809.8507032,,,0.0 
 02/20  04:00:00,62332522.962411,,,0.0 
 02/20  05:00:00,62977630.2014261,,,0.0 
 02/20  06:00:00,63635169.7062194,,,0.0 
 02/20  07:00:00,61075931.0320555,,,0.0 
 02/20  08:00:00,56214877.2701907,,,0.0 
 02/20  09:00:00,56830467.6782717,,,0.0 
 02/20  10:00:00,53134702.7047112,,,0.0 
 02/20  11:00:00,48454885.0305547,,,0.0 
 02/20  12:00:00,44078514.9273719,,,0.0 
 02/20  13:00:00,48331312.0740104,,,0.0 
 02/20  14:00:00,51407272.8913933,,,0.0 
 02/20  15:00:00,49757656.5679274,,,0.0 
 02/20  16:00:00,50901794.9146259,,,0.0 
 02/20  17:00:00,53863685.0665073,,,0.0 
 02/20  18:00:00,58727564.3900079,,,0.0 
 02/20  19:00:00,61142988.4237871,,,0.0 
 02/20  20:00:00,62163098.8619297,,,0.0 
 02/20  21:00:00,67311543.7792837,,,0.0 
 02/20  22:00:00,68085965.1774172,,,0.0 
 02/20  23:00:00,69080345.8350074,,,0.0 
 02/20  24:00:00,73225309.8372086,,,0.0 
 02/21  01:00:00,74122287.648127,,,0.0 
 02/21  02:00:00,75029293.7330813,,,0.0 
 02/21  03:00:00,75869440.365475,,,0.0 
 02/21  04:00:00,76988884.8668642,,,0.0 
 02/21  05:00:00,78023742.5049317,,,0.0 
 02/21  06:00:00,79028176.4891865,,,0.0 
 02/21  07:00:00,77211227.9165747,,,0.0 
 02/21  08:00:00,72016452.41875,,,0.0 
 02/21  09:00:00,71672605.1125891,,,0.0 
 02/21  10:00:00,64979051.1319949,,,0.0 
 02/21  11:00:00,60903557.6502729,,,0.0 
 02/21  12:00:00,55952712.515395,,,0.0 
 02/21  13:00:00,62330241.3270527,,,0.0 
 02/21  14:00:00,64189230.6189095,,,0.0 
 02/21  15:00:00,62276053.5475072,,,0.0 
 02/21  16:00:00,63626350.845609,,,0.0 
 02/21  17:00:00,66586152.7373338,,,0.0 
 02/21  18:00:00,71132386.9013446,,,0.0 
 02/21  19:00:00,73460784.9318376,,,0.0 
 02/21  20:00:00,74421355.3075594,,,0.0 
 02/21  21:00:00,80000227.3936308,,,0.0 
 02/21  22:00:00,80716433.4970888,,,0.0 
 02/21  23:00:00,81563172.137847,,,0.0 
 02/21  24:00:00,85775101.1503734,,,0.0 
 02/22  01:00:00,86769596.375277,,,0.0 
 02/22  02:00:00,87671911.1584819,,,0.0 
 02/22  03:00:00,88522291.9231765,,,0.0 
 02/22  04:00:00,89656076.9312167,,,0.0 
 02/22  05:00:00,90624156.1893676,,,0.0 
 02/22  06:00:00,91793495.2323943,,,0.0 
 02/22  07:00:00,90807879.2759578,,,0.0 
 02/22  08:00:00,84868539.9663141,,,0.0 
 02/22  09:00:00,79954706.8654031,,,0.0 
 02/22  10:00:00,70794541.8572264,,,0.0 
 02/22  11:00:00,68174592.9508711,,,0.0 
 02/22  12:00:00,65192284.5531742,,,0.0 
 02/22  13:00:00,71305485.7133592,,,0.0 
 02/22  14:00:00,73618041.7816369,,,0.0 
 02/22  15:00:00,70320955.1697711,,,0.0 
 02/22  16:00:00,72210353.110858,,,0.0 
 02/22  17:00:00,76358411.8985629,,,0.0 
 02/22  18:00:00,81357022.7182883,,,0.0 
 02/22  19:00:00,83398305.2436002,,,0.0 
 02/22  20:00:00,84551385.2747038,,,0.0 
 02/22  21:00:00,90545600.7487249,,,0.0 
 02/22  22:00:00,91270560.1431442,,,0.0 
 02/22  23:00:00,92596836.3064619,,,0.0 
 02/22  24:00:00,96869391.895736,,,0.0 
 02/23  01:00:00,97575203.8170984,,,0.0 
 02/23  02:00:00,98298085.6796748,,,0.0 
 02/23  03:00:00,98914251.8538304,,,0.0 
 02/23  04:00:00,99313377.6810433,,,0.0 
 02/23  05:00:00,99828519.015918,,,0.0 
 02/23  06:00:00,100903155.741985,,,0.0 
 02/23  07:00:00,99460526.1032956,,,0.0 
 02/23  08:00:00,93565165.680887,,,0.0 
 02/23  09:00:00,92389443.4959226,,,0.0 
 02/23  10:00:00,84385536.9372787,,,0.0 
 02/23  11:00:00,81346926.6805186,,,0.0 
 02/23  12:00:00,76541133.2371311,,,0.0 
 02/23  13:00:00,80488925.8708276,,,0.0 
 02/23  14:00:00,80812657.0303588,,,0.0 
 02/23  15:00:00,77483004.2352942,,,0.0 
 02/23  16:00:00,77511826.1734187,,,0.0 
 02/23  17:00:00,82933642.7538922,,,0.0 
 02/23  18:00:00,87044955.0875022,,,0.0 
 02/23  19:00:00,88753748.1401391,,,0.0 
 02/23  20:00:00,90033282.9477497,,,0.0 
 02/23  21:00:00,95595707.8211722,,,0.0 
 02/23  22:00:00,96363140.6107095,,,0.0 
 02/23  23:00:00,97552063.8091916,,,0.0 
 02/23  24:00:00,101767876.124875,,,0.0 
 02/24  01:00:00,102906141.324942,,,0.0 
 02/24  02:00:00,103829772.704066,,,0.0 
 02/24  03:00:00,104267885.325277,,,0.0 
 02/24  04:00:00,104867337.305216,,,0.0 
 02/24  05:00:00,105787830.184489,,,0.0 
 02/24  06:00:00,106676488.167724,,,0.0 
 02/24  07:00:00,104946731.111829,,,0.0 
 02/24  08:00:00,96804790.2081853,,,0.0 
 02/24  09:00:00,88802300.8382837,,,0.0 
 02/24  10:00:00,81944185.708417,,,0.0 
 02/24  11:00:00,78149511.3643671,,,0.0 
 02/24  12:00:00,70812523.559805,,,0.0 
 02/24  13:00:00,75019628.6955845,,,0.0 
 02/24  14:00:00,76666801.7570686,,,0.0 
 02/24  15:00:00,71828272.7281823,,,0.0 
 02/24  16:00:00,73350509.7609472,,,0.0 
 02/24  17:00:00,79961165.313754,,,0.0 
 02/24  18:00:00,84805560.4399151,,,0.0 
 02/24  19:00:00,86661719.9789426,,,0.0 
 02/24  20:00:00,87692866.1179048,,,0.0 
 02/24  21:00:00,93358046.1089419,,,0.0 
 02/24  22:00:00,94398146.8741782,,,0.0 
 02/24  23:00:00,96570166.350402,,,0.0 
 02/24  24:00:00,103536080.758348,,,0.0 
 02/25  01:00:00,106715184.646214,,,0.0 
 02/25  02:00:00,109563083.330625,,,0.0 
 02/25  03:00:00,112016103.788338,,,0.0 
 02/25  04:00:00,113367221.104387,,,0.0 
 02/25  05:00:00,114399781.138889,,,0.0 
 02/25  06:00:00,115130889.092538,,,0.0 
 02/25  07:00:00,112861565.001467,,,0.0 
 02/25  08:00:00,103644605.92909,,,0.0 
 02/25  09:00:00,95708040.9193421,,,0.0 
 02/25  10:00:00,83415801.2880286,,,0.0 
 02/25  11:00:00,71694506.3598428,,,0.0 
 02/25  12:00:00,60102534.7811798,,,0.0 
 02/25  13:00:00,61206517.2356576,,,0.0 
 02/25  14:00:00,60814644.9752797,,,0.0 
 02/25  15:00:00,58972588.5623477,,,0.0 
 02/25  16:00:00,63489979.9677102,,,0.0 
 02/25  17:00:00,68455684.158228,,,0.0 
 02/25  18:00:00,74616115.5771554,,,0.0 
 02/25  19:00:00,78223964.5943627,,,0.0 
 02/25  20:00:00,81002183.0810952,,,0.0 
 02/25  21:00:00,88251564.3970501,,,0.0 
 02/25  22:00:00,89925342.2856185,,,0.0 
 02/25  23:00:00,91524093.6467295,,,0.0 
 02/25  24:00:00,96467440.4502511,,,0.0 
 02/26  01:00:00,98406696.1587636,,,0.0 
 02/26  02:00:00,98835901.3520189,,,0.0 
 02/26  03:00:00,99250250.3440274,,,0.0 
 02/26  04:00:00,99755077.3488717,,,0.0 
 02/26  05:00:00,98772663.7718212,,,0.0 
 02/26  06:00:00,97617422.5522062,,,0.0 
 02/26  07:00:00,94526597.9005639,,,0.0 
 02/26  08:00:00,88201041.9542109,,,0.0 
 02/26  09:00:00,88422883.0090645,,,0.0 
 02/26  10:00:00,82817487.6162657,,,0.0 
 02/26  11:00:00,75530265.303583,,,0.0 
 02/26  12:00:00,66240678.5843883,,,0.0 
 02/26  13:00:00,72268255.1906642,,,0.0 
 02/26  14:00:00,71096617.7076183,,,0.0 
 02/26  15:00:00,67292073.7946006,,,0.0 
 02/26  16:00:00,69880660.8377645,,,0.0 
 02/26  17:00:00,72569986.6824804,,,0.0 
 02/26  18:00:00,76251886.2270101,,,0.0 
 02/26  19:00:00,77874777.1647418,,,0.0 
 02/26  20:00:00,78297574.8358345,,,0.0 
 02/26  21:00:00,83248919.905138,,,0.0 
 02/26  22:00:00,83679328.6212081,,,0.0 
 02/26  23:00:00,83984085.8771995,,,0.0 
 02/26  24:00:00,87000673.8440568,,,0.0 
 02/27  01:00:00,87531983.1908298,,,0.0 
 02/27  02:00:00,88207111.6284669,,,0.0 
 02/27  03:00:00,88689263.7302379,,,0.0 
 02/27  04:00:00,89471136.5046018,,,0.0 
 02/27  05:00:00,90296579.2037652,,,0.0 
 02/27  06:00:00,90870416.5393226,,,0.0 
 02/27  07:00:00,88838549.2544139,,,0.0 
 02/27  08:00:00,83504179.4541177,,,0.0 
 02/27  09:00:00,83921378.157626,,,0.0 
 02/27  10:00:00,79614183.8655019,,,0.0 
 02/27  11:00:00,75680436.2290376,,,0.0 
 02/27  12:00:00,69983408.5813678,,,0.0 
 02/27  13:00:00,73781232.4804314,,,0.0 
 02/27  14:00:00,74853755.4757573,,,0.0 
 02/27  15:00:00,71906519.2287387,,,0.0 
 02/27  16:00:00,71989745.9662101,,,0.0 
 02/27  17:00:00,73126321.5756182,,,0.0 
 02/27  18:00:00,75622123.6152765,,,0.0 
 02/27  19:00:00,76701802.2793137,,,0.0 
 02/27  20:00:00,76979243.7168055,,,0.0 
 02/27  21:00:00,81661819.4734538,,,0.0 
 02/27  22:00:00,81880839.2502774,,,0.0 
 02/27  23:00:00,82284101.281888,,,0.0 
 02/27  24:00:00,85660564.9151758,,,0.0 
 02/28  01:00:00,86100338.1058951,,,0.0 
 02/28  02:00:00,86387234.4471513,,,0.0 
 02/28  03:00:00,86762528.5762371,,,0.0 
 02/28  04:00:00,87053747.8322712,,,0.0 
 02/28  05:00:00,87306557.9774882,,,0.0 
 02/28  06:00:00,87597809.9910621,,,0.0 
 02/28  07:00:00,85302993.3368207,,,0.0 
 02/28  08:00:00,79742780.2729357,,,0.0 
 02/28  09:00:00,79646408.5929564,,,0.0 
 02/28  10:00:00,74841772.8505663,,,0.0 
 02/28  11:00:00,69620111.2973171,,,0.0 
 02/28  12:00:00,62700221.263467,,,0.0 
 02/28  13:00:00,67378065.3309658,,,0.0 
 02/28  14:00:00,69106127.425283,,,0.0 
 02/28  15:00:00,66532967.4160012,,,0.0 
 02/28  16:00:00,66800142.7398152,,,0.0 
 02/28  17:00:00,68946669.0297639,,,0.0 
 02/28  18:00:00,72827924.220824,,,0.0 
 02/28  19:00:00,74645729.9239709,,,0.0 
 02/28  20:00:00,76028540.7126688,,,0.0 
 02/28  21:00:00,82166228.7719229,,,0.0 
 02/28  22:00:00,83594725.8729716,,,0.0 
 02/28  23:00:00,85023083.3881541,,,0.0 
 02/28  24:00:00,89549365.9240109,47253207183.645,,0.0,0.0 
 03/01  01:00:00,90690201.2256557,,,0.0 
 03/01  02:00:00,91095966.3060784,,,0.0 
 03/01  03:00:00,90339378.764769,,,0.0 
 03/01  04:00:00,89855464.0707486,,,0.0 
 03/01  05:00:00,89670122.1498164,,,0.0 
 03/01  06:00:00,89287597.3373339,,,0.0 
 03/01  07:00:00,83048362.5541496,,,0.0 
 03/01  08:00:00,71226221.1360798,,,0.0 
 03/01  09:00:00,72152345.5345831,,,0.0 
 03/01  10:00:00,65084474.6692088,,,0.0 
 03/01  11:00:00,57783084.0230017,,,0.0 
 03/01  12:00:00,47849025.3527147,,,0.0 
 03/01  13:00:00,56384642.7422021,,,0.0 
 03/01  14:00:00,58608188.3190743,,,0.0 
 03/01  15:00:00,54608600.1039969,,,0.0 
 03/01  16:00:00,55309156.7074544,,,0.0 
 03/01  17:00:00,57982560.0431024,,,0.0 
 03/01  18:00:00,63570234.8623626,,,0.0 
 03/01  19:00:00,67282747.1610206,,,0.0 
 03/01  20:00:00,68096243.9051658,,,0.0 
 03/01  21:00:00,76051421.190925,,,0.0 
 03/01  22:00:00,76242722.6958301,,,0.0 
 03/01  23:00:00,76647635.1833731,,,0.0 
 03/01  24:00:00,83028646.6451315,,,0.0 
 03/02  01:00:00,83467249.1626876,,,0.0 
 03/02  02:00:00,83746858.6207442,,,0.0 
 03/02  03:00:00,84105522.7688855,,,0.0 
 03/02  04:00:00,84421518.1754926,,,0.0 
 03/02  05:00:00,84640428.0568009,,,0.0 
 03/02  06:00:00,85295722.3597068,,,0.0 
 03/02  07:00:00,80317015.9398409,,,0.0 
 03/02  08:00:00,70123913.2271911,,,0.0 
 03/02  09:00:00,71984386.0556905,,,0.0 
 03/02  10:00:00,66159023.8615963,,,0.0 
 03/02  11:00:00,60301950.8378449,,,0.0 
 03/02  12:00:00,51367126.9302563,,,0.0 
 03/02  13:00:00,59733179.1110374,,,0.0 
 03/02  14:00:00,62488406.0075393,,,0.0 
 03/02  15:00:00,58535332.8140182,,,0.0 
 03/02  16:00:00,59056281.8998524,,,0.0 
 03/02  17:00:00,61273646.1955145,,,0.0 
 03/02  18:00:00,66566296.5030026,,,0.0 
 03/02  19:00:00,69864954.1073234,,,0.0 
 03/02  20:00:00,70147495.4678992,,,0.0 
 03/02  21:00:00,78266449.2111812,,,0.0 
 03/02  22:00:00,78461344.7862685,,,0.0 
 03/02  23:00:00,78953128.3549537,,,0.0 
 03/02  24:00:00,85555935.5591432,,,0.0 
 03/03  01:00:00,86002791.4787466,,,0.0 
 03/03  02:00:00,86116116.9939545,,,0.0 
 03/03  03:00:00,86464981.2522954,,,0.0 
 03/03  04:00:00,87088729.8211464,,,0.0 
 03/03  05:00:00,87640473.8933527,,,0.0 
 03/03  06:00:00,88168872.406952,,,0.0 
 03/03  07:00:00,83169196.9724236,,,0.0 
 03/03  08:00:00,72164520.3971973,,,0.0 
 03/03  09:00:00,73005249.6022581,,,0.0 
 03/03  10:00:00,65078488.4624455,,,0.0 
 03/03  11:00:00,55098874.5010036,,,0.0 
 03/03  12:00:00,42835644.4225127,,,0.0 
 03/03  13:00:00,48217166.8173458,,,0.0 
 03/03  14:00:00,45795811.3349797,,,0.0 
 03/03  15:00:00,40526527.4304855,,,0.0 
 03/03  16:00:00,42057627.3895224,,,0.0 
 03/03  17:00:00,47421998.2031941,,,0.0 
 03/03  18:00:00,55916510.7734748,,,0.0 
 03/03  19:00:00,60654852.8616464,,,0.0 
 03/03  20:00:00,62547998.7047635,,,0.0 
 03/03  21:00:00,72681504.250795,,,0.0 
 03/03  22:00:00,81919537.1028465,,,0.0 
 03/03  23:00:00,80541439.1346919,,,0.0 
 03/03  24:00:00,82630003.4507696,,,0.0 
 03/04  01:00:00,84917585.1264051,,,0.0 
 03/04  02:00:00,86924880.1006835,,,0.0 
 03/04  03:00:00,88585851.4575357,,,0.0 
 03/04  04:00:00,89983904.6277253,,,0.0 
 03/04  05:00:00,91749552.8193342,,,0.0 
 03/04  06:00:00,93136821.9640687,,,0.0 
 03/04  07:00:00,87263792.7816383,,,0.0 
 03/04  08:00:00,70797811.8349236,,,0.0 
 03/04  09:00:00,67416159.2864533,,,0.0 
 03/04  10:00:00,58187208.5137957,,,0.0 
 03/04  11:00:00,48767359.1903153,,,0.0 
 03/04  12:00:00,32724168.643774,,,0.0 
 03/04  13:00:00,36278125.7150344,,,0.0 
 03/04  14:00:00,35872586.328629,,,0.0 
 03/04  15:00:00,32294454.6365161,,,0.0 
 03/04  16:00:00,32932310.3179564,,,0.0 
 03/04  17:00:00,36600992.8633847,,,0.0 
 03/04  18:00:00,44595015.4253314,,,0.0 
 03/04  19:00:00,50871301.1385313,,,0.0 
 03/04  20:00:00,54333102.2309306,,,0.0 
 03/04  21:00:00,63151060.4686693,,,0.0 
 03/04  22:00:00,73647199.754801,,,0.0 
 03/04  23:00:00,74518607.0891054,,,0.0 
 03/04  24:00:00,76445738.8024935,,,0.0 
 03/05  01:00:00,77906658.4776554,,,0.0 
 03/05  02:00:00,79521408.2228978,,,0.0 
 03/05  03:00:00,80975011.4327785,,,0.0 
 03/05  04:00:00,82321245.2017436,,,0.0 
 03/05  05:00:00,84237313.4586541,,,0.0 
 03/05  06:00:00,86489519.2237391,,,0.0 
 03/05  07:00:00,82622097.4808324,,,0.0 
 03/05  08:00:00,64980262.5208863,,,0.0 
 03/05  09:00:00,52839408.3778796,,,0.0 
 03/05  10:00:00,40824192.1049069,,,0.0 
 03/05  11:00:00,33137121.3829577,,,0.0 
 03/05  12:00:00,24289492.0470534,,,0.0 
 03/05  13:00:00,28034553.6781737,,,0.0 
 03/05  14:00:00,28875807.9486369,,,0.0 
 03/05  15:00:00,25481758.9168444,,,0.0 
 03/05  16:00:00,26491360.3124572,,,0.0 
 03/05  17:00:00,30286777.3803574,,,0.0 
 03/05  18:00:00,36721018.2416423,,,0.0 
 03/05  19:00:00,41645192.0694808,,,0.0 
 03/05  20:00:00,44453780.9244337,,,0.0 
 03/05  21:00:00,53289048.5521632,,,0.0 
 03/05  22:00:00,55775689.7822393,,,0.0 
 03/05  23:00:00,57778136.5165938,,,0.0 
 03/05  24:00:00,64614267.0325375,,,0.0 
 03/06  01:00:00,65833208.8696345,,,0.0 
 03/06  02:00:00,67046849.6791235,,,0.0 
 03/06  03:00:00,68320917.9787815,,,0.0 
 03/06  04:00:00,69017890.5669963,,,0.0 
 03/06  05:00:00,68864593.8843297,,,0.0 
 03/06  06:00:00,69389367.0810878,,,0.0 
 03/06  07:00:00,65373605.952381,,,0.0 
 03/06  08:00:00,50001633.4881954,,,0.0 
 03/06  09:00:00,39595648.1677182,,,0.0 
 03/06  10:00:00,27742426.1600216,,,0.0 
 03/06  11:00:00,21184652.9522455,,,0.0 
 03/06  12:00:00,16608046.0619661,,,0.0 
 03/06  13:00:00,23150370.3947958,,,0.0 
 03/06  14:00:00,21979516.6418853,,,0.0 
 03/06  15:00:00,18871162.0141109,,,0.0 
 03/06  16:00:00,19940794.891882,,,0.0 
 03/06  17:00:00,24470007.1975932,,,0.0 
 03/06  18:00:00,29789472.650102,,,0.0 
 03/06  19:00:00,33910990.6699576,,,0.0 
 03/06  20:00:00,35447147.2162797,,,0.0 
 03/06  21:00:00,41053730.4912215,,,0.0 
 03/06  22:00:00,43048117.190581,,,0.0 
 03/06  23:00:00,44082306.8747761,,,0.0 
 03/06  24:00:00,48970270.0209134,,,0.0 
 03/07  01:00:00,49975910.6919303,,,0.0 
 03/07  02:00:00,50998989.7425098,,,0.0 
 03/07  03:00:00,51819824.0382356,,,0.0 
 03/07  04:00:00,52917285.3965833,,,0.0 
 03/07  05:00:00,54279958.3102683,,,0.0 
 03/07  06:00:00,55888990.1541322,,,0.0 
 03/07  07:00:00,52431628.0303675,,,0.0 
 03/07  08:00:00,38354057.3693321,,,0.0 
 03/07  09:00:00,30783546.8968956,,,0.0 
 03/07  10:00:00,24382557.1874041,,,0.0 
 03/07  11:00:00,18830066.0839209,,,0.0 
 03/07  12:00:00,14548795.9434773,,,0.0 
 03/07  13:00:00,18718387.6951803,,,0.0 
 03/07  14:00:00,17369617.5598184,,,0.0 
 03/07  15:00:00,14949957.00444,,,0.0 
 03/07  16:00:00,15629506.7096341,,,0.0 
 03/07  17:00:00,20069582.3769114,,,0.0 
 03/07  18:00:00,24994478.2362251,,,0.0 
 03/07  19:00:00,28309727.1159353,,,0.0 
 03/07  20:00:00,29191496.0394717,,,0.0 
 03/07  21:00:00,32343527.3270661,,,0.0 
 03/07  22:00:00,33449977.9898229,,,0.0 
 03/07  23:00:00,34947540.5574556,,,0.0 
 03/07  24:00:00,41116569.8888786,,,0.0 
 03/08  01:00:00,43391053.204764,,,0.0 
 03/08  02:00:00,44806983.1019956,,,0.0 
 03/08  03:00:00,46178176.344759,,,0.0 
 03/08  04:00:00,47225377.574875,,,0.0 
 03/08  05:00:00,48189495.9321293,,,0.0 
 03/08  06:00:00,49174707.6665249,,,0.0 
 03/08  07:00:00,45729497.4731919,,,0.0 
 03/08  08:00:00,32954275.5486,,,0.0 
 03/08  09:00:00,24595008.2836061,,,0.0 
 03/08  10:00:00,18144480.9910503,,,0.0 
 03/08  11:00:00,14653289.6380055,,,0.0 
 03/08  12:00:00,12546373.2305831,,,0.0 
 03/08  13:00:00,16430868.7240141,,,0.0 
 03/08  14:00:00,14558590.8259779,,,0.0 
 03/08  15:00:00,12848203.7721166,,,0.0 
 03/08  16:00:00,13730874.5399335,,,0.0 
 03/08  17:00:00,18700117.3995356,,,0.0 
 03/08  18:00:00,22956461.8992248,,,0.0 
 03/08  19:00:00,26296229.813563,,,0.0 
 03/08  20:00:00,27237887.8704071,,,0.0 
 03/08  21:00:00,30173453.7121955,,,0.0 
 03/08  22:00:00,30740844.5592347,,,0.0 
 03/08  23:00:00,31190384.8096072,,,0.0 
 03/08  24:00:00,34624289.2251979,,,0.0 
 03/09  01:00:00,35432239.7247221,,,0.0 
 03/09  02:00:00,36032879.5524797,,,0.0 
 03/09  03:00:00,36678497.5973615,,,0.0 
 03/09  04:00:00,37341277.1091251,,,0.0 
 03/09  05:00:00,38289215.9908552,,,0.0 
 03/09  06:00:00,39748920.8551213,,,0.0 
 03/09  07:00:00,36857656.701194,,,0.0 
 03/09  08:00:00,27598196.9727501,,,0.0 
 03/09  09:00:00,20904565.1668071,,,0.0 
 03/09  10:00:00,17999315.5641842,,,0.0 
 03/09  11:00:00,14053531.6244543,,,0.0 
 03/09  12:00:00,12194843.1813933,,,0.0 
 03/09  13:00:00,15630590.7429784,,,0.0 
 03/09  14:00:00,13170710.4449946,,,0.0 
 03/09  15:00:00,10883927.5148149,,,0.0 
 03/09  16:00:00,11170109.0071546,,,0.0 
 03/09  17:00:00,16289122.2087865,,,0.0 
 03/09  18:00:00,20439853.800111,,,0.0 
 03/09  19:00:00,23558134.8840426,,,0.0 
 03/09  20:00:00,24859721.2457954,,,0.0 
 03/09  21:00:00,27245926.0030282,,,0.0 
 03/09  22:00:00,28270572.8585826,,,0.0 
 03/09  23:00:00,28670586.9106201,,,0.0 
 03/09  24:00:00,31159770.7257929,,,0.0 
 03/10  01:00:00,31808246.3768515,,,0.0 
 03/10  02:00:00,32850963.5959788,,,0.0 
 03/10  03:00:00,34221423.3051305,,,0.0 
 03/10  04:00:00,35105449.3691118,,,0.0 
 03/10  05:00:00,35557033.9605037,,,0.0 
 03/10  06:00:00,36031760.0397457,,,0.0 
 03/10  07:00:00,33451792.9982082,,,0.0 
 03/10  08:00:00,26387649.927084,,,0.0 
 03/10  09:00:00,21912628.9822982,,,0.0 
 03/10  10:00:00,17152706.5457974,,,0.0 
 03/10  11:00:00,13154721.3633235,,,0.0 
 03/10  12:00:00,11681098.0008654,,,0.0 
 03/10  13:00:00,14750285.4042775,,,0.0 
 03/10  14:00:00,12428875.3961113,,,0.0 
 03/10  15:00:00,10383898.0769107,,,0.0 
 03/10  16:00:00,11421272.5428252,,,0.0 
 03/10  17:00:00,16689915.4601596,,,0.0 
 03/10  18:00:00,20575376.0183788,,,0.0 
 03/10  19:00:00,23815380.4867654,,,0.0 
 03/10  20:00:00,24770450.3685171,,,0.0 
 03/10  21:00:00,26581839.4607023,,,0.0 
 03/10  22:00:00,27521931.704622,,,0.0 
 03/10  23:00:00,28376918.7093908,,,0.0 
 03/10  24:00:00,31274769.6476152,,,0.0 
 03/11  01:00:00,32538116.9770182,,,0.0 
 03/11  02:00:00,33983069.4277179,,,0.0 
 03/11  03:00:00,35042050.096154,,,0.0 
 03/11  04:00:00,35365157.0383891,,,0.0 
 03/11  05:00:00,35758520.3673728,,,0.0 
 03/11  06:00:00,35817229.4664777,,,0.0 
 03/11  07:00:00,33261137.2495674,,,0.0 
 03/11  08:00:00,28078817.6401884,,,0.0 
 03/11  09:00:00,26117950.0394002,,,0.0 
 03/11  10:00:00,22839622.4714863,,,0.0 
 03/11  11:00:00,19831245.1230824,,,0.0 
 03/11  12:00:00,16863305.065177,,,0.0 
 03/11  13:00:00,19951921.9835083,,,0.0 
 03/11  14:00:00,18275391.2944947,,,0.0 
 03/11  15:00:00,16037938.2874453,,,0.0 
 03/11  16:00:00,17008139.9973215,,,0.0 
 03/11  17:00:00,20992063.5415899,,,0.0 
 03/11  18:00:00,24984137.0272887,,,0.0 
 03/11  19:00:00,28905559.4740945,,,0.0 
 03/11  20:00:00,30398082.5118251,,,0.0 
 03/11  21:00:00,33726564.4841985,,,0.0 
 03/11  22:00:00,35504145.8478716,,,0.0 
 03/11  23:00:00,36673943.9340993,,,0.0 
 03/11  24:00:00,39455259.1356759,,,0.0 
 03/12  01:00:00,39900197.0749244,,,0.0 
 03/12  02:00:00,40408680.5988643,,,0.0 
 03/12  03:00:00,41132143.3283513,,,0.0 
 03/12  04:00:00,41490883.3960605,,,0.0 
 03/12  05:00:00,41783433.4700009,,,0.0 
 03/12  06:00:00,42223828.189895,,,0.0 
 03/12  07:00:00,39343894.36499,,,0.0 
 03/12  08:00:00,31331627.0604826,,,0.0 
 03/12  09:00:00,29711864.418483,,,0.0 
 03/12  10:00:00,23068061.9004668,,,0.0 
 03/12  11:00:00,17751286.6193833,,,0.0 
 03/12  12:00:00,15997595.2125478,,,0.0 
 03/12  13:00:00,19580793.6155458,,,0.0 
 03/12  14:00:00,17552570.5899676,,,0.0 
 03/12  15:00:00,15314240.440254,,,0.0 
 03/12  16:00:00,15121885.3057116,,,0.0 
 03/12  17:00:00,19888673.209066,,,0.0 
 03/12  18:00:00,24599588.6336955,,,0.0 
 03/12  19:00:00,28242092.4814477,,,0.0 
 03/12  20:00:00,29086525.3606605,,,0.0 
 03/12  21:00:00,32181137.3307218,,,0.0 
 03/12  22:00:00,33024311.9520133,,,0.0 
 03/12  23:00:00,33886645.5255572,,,0.0 
 03/12  24:00:00,36948835.1842384,,,0.0 
 03/13  01:00:00,37951826.3009125,,,0.0 
 03/13  02:00:00,38878081.251836,,,0.0 
 03/13  03:00:00,39864190.3940133,,,0.0 
 03/13  04:00:00,40957088.6040494,,,0.0 
 03/13  05:00:00,41948945.6829486,,,0.0 
 03/13  06:00:00,42775503.4284428,,,0.0 
 03/13  07:00:00,40552553.3875394,,,0.0 
 03/13  08:00:00,35584335.9633097,,,0.0 
 03/13  09:00:00,34688822.6406426,,,0.0 
 03/13  10:00:00,31469895.2781132,,,0.0 
 03/13  11:00:00,28497511.1371229,,,0.0 
 03/13  12:00:00,25115158.4601832,,,0.0 
 03/13  13:00:00,29204902.5260446,,,0.0 
 03/13  14:00:00,27416607.5324983,,,0.0 
 03/13  15:00:00,26340279.2161473,,,0.0 
 03/13  16:00:00,27467222.6522496,,,0.0 
 03/13  17:00:00,31276036.5518856,,,0.0 
 03/13  18:00:00,35744487.1072212,,,0.0 
 03/13  19:00:00,39605985.4433767,,,0.0 
 03/13  20:00:00,40695975.4444563,,,0.0 
 03/13  21:00:00,44902373.665753,,,0.0 
 03/13  22:00:00,46309004.6367897,,,0.0 
 03/13  23:00:00,47599797.3085544,,,0.0 
 03/13  24:00:00,53478789.8979156,,,0.0 
 03/14  01:00:00,55640419.2016578,,,0.0 
 03/14  02:00:00,57221809.8584744,,,0.0 
 03/14  03:00:00,60226044.2787929,,,0.0 
 03/14  04:00:00,63024467.560836,,,0.0 
 03/14  05:00:00,65094946.5218753,,,0.0 
 03/14  06:00:00,68957864.0755459,,,0.0 
 03/14  07:00:00,66285992.9666777,,,0.0 
 03/14  08:00:00,49582855.4316551,,,0.0 
 03/14  09:00:00,39940004.1936677,,,0.0 
 03/14  10:00:00,31066576.3789043,,,0.0 
 03/14  11:00:00,27632973.9405769,,,0.0 
 03/14  12:00:00,21897327.9657617,,,0.0 
 03/14  13:00:00,25544124.6824242,,,0.0 
 03/14  14:00:00,26005642.471634,,,0.0 
 03/14  15:00:00,23564887.4661155,,,0.0 
 03/14  16:00:00,24043427.335844,,,0.0 
 03/14  17:00:00,31200084.6990092,,,0.0 
 03/14  18:00:00,37912005.0749651,,,0.0 
 03/14  19:00:00,42008628.8093401,,,0.0 
 03/14  20:00:00,43677330.8761941,,,0.0 
 03/14  21:00:00,48368238.255675,,,0.0 
 03/14  22:00:00,49367806.8879786,,,0.0 
 03/14  23:00:00,50988063.1590873,,,0.0 
 03/14  24:00:00,59234562.7289524,,,0.0 
 03/15  01:00:00,62811574.9721517,,,0.0 
 03/15  02:00:00,63907057.1452988,,,0.0 
 03/15  03:00:00,65953176.0337969,,,0.0 
 03/15  04:00:00,70442432.1803889,,,0.0 
 03/15  05:00:00,73026231.5793507,,,0.0 
 03/15  06:00:00,72797973.2774229,,,0.0 
 03/15  07:00:00,66408448.5491062,,,0.0 
 03/15  08:00:00,49220099.0235786,,,0.0 
 03/15  09:00:00,42228276.3294066,,,0.0 
 03/15  10:00:00,31511622.3671512,,,0.0 
 03/15  11:00:00,27021543.0664525,,,0.0 
 03/15  12:00:00,22403717.331257,,,0.0 
 03/15  13:00:00,26321745.7543287,,,0.0 
 03/15  14:00:00,25307072.3437428,,,0.0 
 03/15  15:00:00,24303514.6728313,,,0.0 
 03/15  16:00:00,26136475.3984958,,,0.0 
 03/15  17:00:00,30606208.0763167,,,0.0 
 03/15  18:00:00,37207657.8165144,,,0.0 
 03/15  19:00:00,42566821.2567943,,,0.0 
 03/15  20:00:00,44993503.2901438,,,0.0 
 03/15  21:00:00,50829871.8781523,,,0.0 
 03/15  22:00:00,52724682.6927403,,,0.0 
 03/15  23:00:00,54454276.0648329,,,0.0 
 03/15  24:00:00,61874024.5790014,16074367653.2322,113336713185.796,0.0,0.0,0.0 
