"CombPer","Cap","IWB","ODB","TotCap","Power"
130.0,63.7,14.0,10.0,43.0,7.46
130.0,63.7,14.0,12.0,43.0,7.6
130.0,63.7,14.0,14.0,43.0,7.74
130.0,63.7,14.0,16.0,43.0,7.89
130.0,63.7,14.0,18.0,43.0,8.04
130.0,63.7,14.0,20.0,43.0,8.2
130.0,63.7,14.0,21.0,43.0,8.43
130.0,63.7,14.0,23.0,43.0,9.03
130.0,63.7,14.0,25.0,43.0,9.66
130.0,63.7,14.0,27.0,43.0,10.32
130.0,63.7,14.0,29.0,43.0,11.0
130.0,63.7,14.0,31.0,43.0,11.7
130.0,63.7,14.0,33.0,43.0,12.5
130.0,63.7,14.0,35.0,43.0,13.3
130.0,63.7,14.0,37.0,43.0,14.2
130.0,63.7,14.0,39.0,43.0,15.1
130.0,63.7,16.0,10.0,51.3,9.13
130.0,63.7,16.0,12.0,51.3,9.3
130.0,63.7,16.0,14.0,51.3,9.48
130.0,63.7,16.0,16.0,51.3,9.67
130.0,63.7,16.0,18.0,51.3,9.86
130.0,63.7,16.0,20.0,51.3,10.5
130.0,63.7,16.0,21.0,51.3,10.9
130.0,63.7,16.0,23.0,51.3,11.7
130.0,63.7,16.0,25.0,51.3,12.5
130.0,63.7,16.0,27.0,51.3,13.4
130.0,63.7,16.0,29.0,51.3,14.3
130.0,63.7,16.0,31.0,51.0,15.1
130.0,63.7,16.0,33.0,50.2,15.7
130.0,63.7,16.0,35.0,49.4,16.3
130.0,63.7,16.0,37.0,48.6,16.8
130.0,63.7,16.0,39.0,47.8,17.4
130.0,63.7,18.0,10.0,59.6,10.9
130.0,63.7,18.0,12.0,59.6,11.1
130.0,63.7,18.0,14.0,59.3,11.2
130.0,63.7,18.0,16.0,58.5,11.1
130.0,63.7,18.0,18.0,57.8,11.6
130.0,63.7,18.0,20.0,57.0,12.1
130.0,63.7,18.0,21.0,56.6,12.4
130.0,63.7,18.0,23.0,55.8,13.0
130.0,63.7,18.0,25.0,55.0,13.6
130.0,63.7,18.0,27.0,54.2,14.1
130.0,63.7,18.0,29.0,53.4,14.7
130.0,63.7,18.0,31.0,52.6,15.3
130.0,63.7,18.0,33.0,51.8,15.9
130.0,63.7,18.0,35.0,51.0,16.4
130.0,63.7,18.0,37.0,50.2,17.0
130.0,63.7,18.0,39.0,49.4,17.6
130.0,63.7,19.0,10.0,61.7,11.1
130.0,63.7,19.0,12.0,60.9,11.0
130.0,63.7,19.0,14.0,60.1,11.0
130.0,63.7,19.0,16.0,59.3,11.1
130.0,63.7,19.0,18.0,58.5,11.6
130.0,63.7,19.0,20.0,57.7,12.2
130.0,63.7,19.0,21.0,57.3,12.5
130.0,63.7,19.0,23.0,56.5,13.1
130.0,63.7,19.0,25.0,55.7,13.6
130.0,63.7,19.0,27.0,54.9,14.2
130.0,63.7,19.0,29.0,54.1,14.8
130.0,63.7,19.0,31.0,53.3,15.4
130.0,63.7,19.0,33.0,52.5,15.9
130.0,63.7,19.0,35.0,51.8,16.5
130.0,63.7,19.0,37.0,51.0,17.1
130.0,63.7,19.0,39.0,50.2,17.7
130.0,63.7,20.0,10.0,62.5,10.9
130.0,63.7,20.0,12.0,61.7,10.8
130.0,63.7,20.0,14.0,60.9,10.7
130.0,63.7,20.0,16.0,60.1,11.1
130.0,63.7,20.0,18.0,59.3,11.7
130.0,63.7,20.0,20.0,58.5,12.3
130.0,63.7,20.0,21.0,58.1,12.5
130.0,63.7,20.0,23.0,57.3,13.1
130.0,63.7,20.0,25.0,56.5,13.7
130.0,63.7,20.0,27.0,55.7,14.3
130.0,63.7,20.0,29.0,54.9,14.9
130.0,63.7,20.0,31.0,54.1,15.4
130.0,63.7,20.0,33.0,53.3,16.0
130.0,63.7,20.0,35.0,52.5,16.6
130.0,63.7,20.0,37.0,51.7,17.2
130.0,63.7,20.0,39.0,50.9,17.8
130.0,63.7,22.0,10.0,64.0,10.41
130.0,63.7,22.0,12.0,63.2,10.34
130.0,63.7,22.0,14.0,62.4,10.7
130.0,63.7,22.0,16.0,61.6,11.2
130.0,63.7,22.0,18.0,60.9,11.8
130.0,63.7,22.0,20.0,60.1,12.4
130.0,63.7,22.0,21.0,59.7,12.7
130.0,63.7,22.0,23.0,58.9,13.3
130.0,63.7,22.0,25.0,58.1,13.8
130.0,63.7,22.0,27.0,57.3,14.4
130.0,63.7,22.0,29.0,56.5,15.0
130.0,63.7,22.0,31.0,55.7,15.6
130.0,63.7,22.0,33.0,54.9,16.2
130.0,63.7,22.0,35.0,54.1,16.8
130.0,63.7,22.0,37.0,53.3,17.4
130.0,63.7,22.0,39.0,52.5,18.0
130.0,63.7,24.0,10.0,65.6,9.94
130.0,63.7,24.0,12.0,64.8,10.18
130.0,63.7,24.0,14.0,64.0,10.8
130.0,63.7,24.0,16.0,63.2,11.3
130.0,63.7,24.0,18.0,62.4,11.9
130.0,63.7,24.0,20.0,61.6,12.5
130.0,63.7,24.0,21.0,61.2,12.8
130.0,63.7,24.0,23.0,60.4,13.4
130.0,63.7,24.0,25.0,59.6,14.0
130.0,63.7,24.0,27.0,58.8,14.6
130.0,63.7,24.0,29.0,58.0,15.2
130.0,63.7,24.0,31.0,57.2,15.8
130.0,63.7,24.0,33.0,56.4,16.4
130.0,63.7,24.0,35.0,55.6,17.0
130.0,63.7,24.0,37.0,54.8,17.6
130.0,63.7,24.0,39.0,54.0,18.2
120.0,58.8,14.0,10.0,39.7,6.82
120.0,58.8,14.0,12.0,39.7,6.94
120.0,58.8,14.0,14.0,39.7,7.07
120.0,58.8,14.0,16.0,39.7,7.2
120.0,58.8,14.0,18.0,39.7,7.34
120.0,58.8,14.0,20.0,39.7,7.49
120.0,58.8,14.0,21.0,39.7,7.56
120.0,58.8,14.0,23.0,39.7,8.08
120.0,58.8,14.0,25.0,39.7,8.63
120.0,58.8,14.0,27.0,39.7,9.21
120.0,58.8,14.0,29.0,39.7,9.83
120.0,58.8,14.0,31.0,39.7,10.47
120.0,58.8,14.0,33.0,39.7,11.2
120.0,58.8,14.0,35.0,39.7,11.9
120.0,58.8,14.0,37.0,39.7,12.6
120.0,58.8,14.0,39.0,39.7,13.4
120.0,58.8,16.0,10.0,47.3,8.33
120.0,58.8,16.0,12.0,47.3,8.48
120.0,58.8,16.0,14.0,47.3,8.64
120.0,58.8,16.0,16.0,47.3,8.81
120.0,58.8,16.0,18.0,47.3,8.99
120.0,58.8,16.0,20.0,47.3,9.34
120.0,58.8,16.0,21.0,47.3,9.67
120.0,58.8,16.0,23.0,47.3,10.37
120.0,58.8,16.0,25.0,47.3,11.1
120.0,58.8,16.0,27.0,47.3,11.9
120.0,58.8,16.0,29.0,47.3,12.7
120.0,58.8,16.0,31.0,47.3,13.5
120.0,58.8,16.0,33.0,47.3,14.4
120.0,58.8,16.0,35.0,47.3,15.4
120.0,58.8,16.0,37.0,47.3,16.4
120.0,58.8,16.0,39.0,47.1,17.3
120.0,58.8,18.0,10.0,55.0,9.9
120.0,58.8,18.0,12.0,55.0,10.09
120.0,58.8,18.0,14.0,55.0,10.28
120.0,58.8,18.0,16.0,55.0,10.48
120.0,58.8,18.0,18.0,55.0,10.8
120.0,58.8,18.0,20.0,55.0,11.7
120.0,58.8,18.0,21.0,55.0,12.1
120.0,58.8,18.0,23.0,54.9,12.9
120.0,58.8,18.0,25.0,54.1,13.5
120.0,58.8,18.0,27.0,53.3,14.0
120.0,58.8,18.0,29.0,52.5,14.6
120.0,58.8,18.0,31.0,51.7,15.2
120.0,58.8,18.0,33.0,50.9,15.8
120.0,58.8,18.0,35.0,50.1,16.3
120.0,58.8,18.0,37.0,49.3,16.9
120.0,58.8,18.0,39.0,48.5,17.5
120.0,58.8,19.0,10.0,58.8,10.7
120.0,58.8,19.0,12.0,58.8,10.9
120.0,58.8,19.0,14.0,58.8,11.1
120.0,58.8,19.0,16.0,58.4,11.2
120.0,58.8,19.0,18.0,57.6,11.6
120.0,58.8,19.0,20.0,56.8,12.1
120.0,58.8,19.0,21.0,56.4,12.4
120.0,58.8,19.0,23.0,55.6,13.0
120.0,58.8,19.0,25.0,54.8,13.5
120.0,58.8,19.0,27.0,54.0,14.1
120.0,58.8,19.0,29.0,53.2,14.7
120.0,58.8,19.0,31.0,52.4,15.3
120.0,58.8,19.0,33.0,51.6,15.8
120.0,58.8,19.0,35.0,50.8,16.4
120.0,58.8,19.0,37.0,50.0,17.0
120.0,58.8,19.0,39.0,49.2,17.6
120.0,58.8,20.0,10.0,61.5,11.1
120.0,58.8,20.0,12.0,60.7,11.1
120.0,58.8,20.0,14.0,59.9,11.0
120.0,58.8,20.0,16.0,59.1,11.1
120.0,58.8,20.0,18.0,58.3,11.6
120.0,58.8,20.0,20.0,57.5,12.2
120.0,58.8,20.0,21.0,57.1,12.5
120.0,58.8,20.0,23.0,56.3,13.0
120.0,58.8,20.0,25.0,55.5,13.6
120.0,58.8,20.0,27.0,54.7,14.2
120.0,58.8,20.0,29.0,53.9,14.8
120.0,58.8,20.0,31.0,53.1,15.3
120.0,58.8,20.0,33.0,52.3,15.9
120.0,58.8,20.0,35.0,51.5,16.5
120.0,58.8,20.0,37.0,50.8,17.1
120.0,58.8,20.0,39.0,50.0,17.7
120.0,58.8,22.0,10.0,62.9,10.7
120.0,58.8,22.0,12.0,62.1,10.7
120.0,58.8,22.0,14.0,61.3,10.6
120.0,58.8,22.0,16.0,60.6,11.2
120.0,58.8,22.0,18.0,59.8,11.7
120.0,58.8,22.0,20.0,59.0,12.3
120.0,58.8,22.0,21.0,58.6,12.6
120.0,58.8,22.0,23.0,57.8,13.2
120.0,58.8,22.0,25.0,57.0,13.7
120.0,58.8,22.0,27.0,56.2,14.3
120.0,58.8,22.0,29.0,55.4,14.9
120.0,58.8,22.0,31.0,54.6,15.5
120.0,58.8,22.0,33.0,53.8,16.1
120.0,58.8,22.0,35.0,53.0,16.7
120.0,58.8,22.0,37.0,52.2,17.3
120.0,58.8,22.0,39.0,51.4,17.9
120.0,58.8,24.0,10.0,64.4,10.31
120.0,58.8,24.0,12.0,63.6,10.23
120.0,58.8,24.0,14.0,62.8,10.7
120.0,58.8,24.0,16.0,62.0,11.3
120.0,58.8,24.0,18.0,61.2,11.8
120.0,58.8,24.0,20.0,60.4,12.4
120.0,58.8,24.0,21.0,60.0,12.7
120.0,58.8,24.0,23.0,59.2,13.3
120.0,58.8,24.0,25.0,58.4,13.9
120.0,58.8,24.0,27.0,57.6,14.5
120.0,58.8,24.0,29.0,56.8,15.1
120.0,58.8,24.0,31.0,56.0,15.6
120.0,58.8,24.0,33.0,55.2,16.2
120.0,58.8,24.0,35.0,54.4,16.8
120.0,58.8,24.0,37.0,53.6,17.5
120.0,58.8,24.0,39.0,52.8,18.1
110.0,53.9,14.0,10.0,36.4,6.19
110.0,53.9,14.0,12.0,36.4,6.3
110.0,53.9,14.0,14.0,36.4,6.42
110.0,53.9,14.0,16.0,36.4,6.53
110.0,53.9,14.0,18.0,36.4,6.66
110.0,53.9,14.0,20.0,36.4,6.79
110.0,53.9,14.0,21.0,36.4,6.85
110.0,53.9,14.0,23.0,36.4,7.18
110.0,53.9,14.0,25.0,36.4,7.66
110.0,53.9,14.0,27.0,36.4,8.17
110.0,53.9,14.0,29.0,36.4,8.71
110.0,53.9,14.0,31.0,36.4,9.28
110.0,53.9,14.0,33.0,36.4,9.88
110.0,53.9,14.0,35.0,36.4,10.5
110.0,53.9,14.0,37.0,36.4,11.2
110.0,53.9,14.0,39.0,36.4,11.9
110.0,53.9,16.0,10.0,43.4,7.54
110.0,53.9,16.0,12.0,43.4,7.68
110.0,53.9,16.0,14.0,43.4,7.82
110.0,53.9,16.0,16.0,43.4,7.97
110.0,53.9,16.0,18.0,43.4,8.13
110.0,53.9,16.0,20.0,43.4,8.29
110.0,53.9,16.0,21.0,43.4,8.54
110.0,53.9,16.0,23.0,43.4,9.15
110.0,53.9,16.0,25.0,43.4,9.78
110.0,53.9,16.0,27.0,43.4,10.45
110.0,53.9,16.0,29.0,43.4,11.2
110.0,53.9,16.0,31.0,43.4,11.9
110.0,53.9,16.0,33.0,43.4,12.7
110.0,53.9,16.0,35.0,43.4,13.5
110.0,53.9,16.0,37.0,43.4,14.4
110.0,53.9,16.0,39.0,43.4,15.3
110.0,53.9,18.0,10.0,50.4,8.95
110.0,53.9,18.0,12.0,50.4,9.12
110.0,53.9,18.0,14.0,50.4,9.29
110.0,53.9,18.0,16.0,50.4,9.47
110.0,53.9,18.0,18.0,50.4,9.66
110.0,53.9,18.0,20.0,50.4,10.24
110.0,53.9,18.0,21.0,50.4,10.6
110.0,53.9,18.0,23.0,50.4,11.4
110.0,53.9,18.0,25.0,50.4,12.2
110.0,53.9,18.0,27.0,50.4,13.0
110.0,53.9,18.0,29.0,50.4,13.9
110.0,53.9,18.0,31.0,50.4,14.9
110.0,53.9,18.0,33.0,50.1,15.7
110.0,53.9,18.0,35.0,49.3,16.2
110.0,53.9,18.0,37.0,48.5,16.8
110.0,53.9,18.0,39.0,47.7,17.4
110.0,53.9,19.0,10.0,53.9,9.67
110.0,53.9,19.0,12.0,53.9,9.86
110.0,53.9,19.0,14.0,53.9,10.05
110.0,53.9,19.0,16.0,53.9,10.24
110.0,53.9,19.0,18.0,53.9,10.52
110.0,53.9,19.0,20.0,53.9,11.3
110.0,53.9,19.0,21.0,53.9,11.7
110.0,53.9,19.0,23.0,53.9,12.6
110.0,53.9,19.0,25.0,53.9,13.5
110.0,53.9,19.0,27.0,53.1,14.0
110.0,53.9,19.0,29.0,52.3,14.6
110.0,53.9,19.0,31.0,51.5,15.2
110.0,53.9,19.0,33.0,50.7,15.7
110.0,53.9,19.0,35.0,49.9,16.3
110.0,53.9,19.0,37.0,49.1,16.9
110.0,53.9,19.0,39.0,48.3,17.5
110.0,53.9,20.0,10.0,57.4,10.41
110.0,53.9,20.0,12.0,57.4,10.6
110.0,53.9,20.0,14.0,57.4,10.8
110.0,53.9,20.0,16.0,57.4,11.0
110.0,53.9,20.0,18.0,57.3,11.5
110.0,53.9,20.0,20.0,56.6,12.1
110.0,53.9,20.0,21.0,56.2,12.4
110.0,53.9,20.0,23.0,55.4,13.0
110.0,53.9,20.0,25.0,54.6,13.5
110.0,53.9,20.0,27.0,53.8,14.1
110.0,53.9,20.0,29.0,53.0,14.7
110.0,53.9,20.0,31.0,52.2,15.2
110.0,53.9,20.0,33.0,51.4,15.8
110.0,53.9,20.0,35.0,50.6,16.4
110.0,53.9,20.0,37.0,49.8,17.0
110.0,53.9,20.0,39.0,49.0,17.6
110.0,53.9,22.0,10.0,61.8,11.0
110.0,53.9,22.0,12.0,61.1,11.0
110.0,53.9,22.0,14.0,60.3,10.9
110.0,53.9,22.0,16.0,59.5,11.1
110.0,53.9,22.0,18.0,58.7,11.6
110.0,53.9,22.0,20.0,57.9,12.2
110.0,53.9,22.0,21.0,57.5,12.5
110.0,53.9,22.0,23.0,56.7,13.1
110.0,53.9,22.0,25.0,55.9,13.6
110.0,53.9,22.0,27.0,55.1,14.2
110.0,53.9,22.0,29.0,54.3,14.8
110.0,53.9,22.0,31.0,53.5,15.4
110.0,53.9,22.0,33.0,52.7,16.0
110.0,53.9,22.0,35.0,51.9,16.5
110.0,53.9,22.0,37.0,51.1,17.1
110.0,53.9,22.0,39.0,50.3,17.7
110.0,53.9,24.0,10.0,63.2,10.7
110.0,53.9,24.0,12.0,62.4,10.6
110.0,53.9,24.0,14.0,61.6,10.6
110.0,53.9,24.0,16.0,60.8,11.2
110.0,53.9,24.0,18.0,60.0,11.7
110.0,53.9,24.0,20.0,59.2,12.3
110.0,53.9,24.0,21.0,58.8,12.6
110.0,53.9,24.0,23.0,58.0,13.2
110.0,53.9,24.0,25.0,57.2,13.8
110.0,53.9,24.0,27.0,56.4,14.3
110.0,53.9,24.0,29.0,55.6,14.9
110.0,53.9,24.0,31.0,54.8,15.5
110.0,53.9,24.0,33.0,54.0,16.1
110.0,53.9,24.0,35.0,53.2,16.7
110.0,53.9,24.0,37.0,52.4,17.3
110.0,53.9,24.0,39.0,51.6,17.9
100.0,49.0,14.0,10.0,33.1,5.58
100.0,49.0,14.0,12.0,33.1,5.68
100.0,49.0,14.0,14.0,33.1,5.78
100.0,49.0,14.0,16.0,33.1,5.89
100.0,49.0,14.0,18.0,33.1,6.0
100.0,49.0,14.0,20.0,33.1,6.11
100.0,49.0,14.0,21.0,33.1,6.17
100.0,49.0,14.0,23.0,33.1,6.33
100.0,49.0,14.0,25.0,33.1,6.76
100.0,49.0,14.0,27.0,33.1,7.2
100.0,49.0,14.0,29.0,33.1,7.67
100.0,49.0,14.0,31.0,33.1,8.16
100.0,49.0,14.0,33.0,33.1,8.68
100.0,49.0,14.0,35.0,33.1,9.22
100.0,49.0,14.0,37.0,33.1,9.8
100.0,49.0,14.0,39.0,33.1,10.4
100.0,49.0,16.0,10.0,39.4,6.77
100.0,49.0,16.0,12.0,39.4,6.89
100.0,49.0,16.0,14.0,39.4,7.02
100.0,49.0,16.0,16.0,39.4,7.15
100.0,49.0,16.0,18.0,39.4,7.29
100.0,49.0,16.0,20.0,39.4,7.44
100.0,49.0,16.0,21.0,39.4,7.51
100.0,49.0,16.0,23.0,39.4,8.01
100.0,49.0,16.0,25.0,39.4,8.56
100.0,49.0,16.0,27.0,39.4,9.13
100.0,49.0,16.0,29.0,39.4,9.74
100.0,49.0,16.0,31.0,39.4,10.38
100.0,49.0,16.0,33.0,39.4,11.1
100.0,49.0,16.0,35.0,39.4,11.8
100.0,49.0,16.0,37.0,39.4,12.5
100.0,49.0,16.0,39.0,39.4,13.3
100.0,49.0,18.0,10.0,45.8,8.02
100.0,49.0,18.0,12.0,45.8,8.17
100.0,49.0,18.0,14.0,45.8,8.33
100.0,49.0,18.0,16.0,45.8,8.49
100.0,49.0,18.0,18.0,45.8,8.65
100.0,49.0,18.0,20.0,45.8,8.92
100.0,49.0,18.0,21.0,45.8,9.23
100.0,49.0,18.0,23.0,45.8,9.89
100.0,49.0,18.0,25.0,45.8,10.58
100.0,49.0,18.0,27.0,45.8,11.3
100.0,49.0,18.0,29.0,45.8,12.1
100.0,49.0,18.0,31.0,45.8,12.9
100.0,49.0,18.0,33.0,45.8,13.7
100.0,49.0,18.0,35.0,45.8,14.6
100.0,49.0,18.0,37.0,45.8,15.6
100.0,49.0,18.0,39.0,45.8,16.6
100.0,49.0,19.0,10.0,49.0,8.66
100.0,49.0,19.0,12.0,49.0,8.83
100.0,49.0,19.0,14.0,49.0,9.0
100.0,49.0,19.0,16.0,49.0,9.17
100.0,49.0,19.0,18.0,49.0,9.35
100.0,49.0,19.0,20.0,49.0,9.82
100.0,49.0,19.0,21.0,49.0,10.18
100.0,49.0,19.0,23.0,49.0,10.9
100.0,49.0,19.0,25.0,49.0,11.7
100.0,49.0,19.0,27.0,49.0,12.5
100.0,49.0,19.0,29.0,49.0,13.3
100.0,49.0,19.0,31.0,49.0,14.2
100.0,49.0,19.0,33.0,49.0,15.2
100.0,49.0,19.0,35.0,49.0,16.2
100.0,49.0,19.0,37.0,48.2,16.8
100.0,49.0,19.0,39.0,47.4,17.3
100.0,49.0,20.0,10.0,52.2,9.32
100.0,49.0,20.0,12.0,52.2,9.5
100.0,49.0,20.0,14.0,52.2,9.68
100.0,49.0,20.0,16.0,52.2,9.87
100.0,49.0,20.0,18.0,52.2,10.06
100.0,49.0,20.0,20.0,52.2,10.8
100.0,49.0,20.0,21.0,52.2,11.2
100.0,49.0,20.0,23.0,52.2,12.0
100.0,49.0,20.0,25.0,52.2,12.8
100.0,49.0,20.0,27.0,52.2,13.7
100.0,49.0,20.0,29.0,52.0,14.6
100.0,49.0,20.0,31.0,51.2,15.1
100.0,49.0,20.0,33.0,50.4,15.7
100.0,49.0,20.0,35.0,49.6,16.3
100.0,49.0,20.0,37.0,48.8,16.8
100.0,49.0,20.0,39.0,48.0,17.4
100.0,49.0,22.0,10.0,58.6,10.7
100.0,49.0,22.0,12.0,58.6,10.9
100.0,49.0,22.0,14.0,58.6,11.1
100.0,49.0,22.0,16.0,58.4,11.2
100.0,49.0,22.0,18.0,57.6,11.6
100.0,49.0,22.0,20.0,56.8,12.1
100.0,49.0,22.0,21.0,56.4,12.4
100.0,49.0,22.0,23.0,55.6,13.0
100.0,49.0,22.0,25.0,54.8,13.5
100.0,49.0,22.0,27.0,54.0,14.1
100.0,49.0,22.0,29.0,53.2,14.7
100.0,49.0,22.0,31.0,52.4,15.3
100.0,49.0,22.0,33.0,51.6,15.8
100.0,49.0,22.0,35.0,50.8,16.4
100.0,49.0,22.0,37.0,50.0,17.0
100.0,49.0,22.0,39.0,49.2,17.6
100.0,49.0,24.0,10.0,61.9,11.0
100.0,49.0,24.0,12.0,61.1,11.0
100.0,49.0,24.0,14.0,60.4,10.9
100.0,49.0,24.0,16.0,59.6,11.1
100.0,49.0,24.0,18.0,58.8,11.7
100.0,49.0,24.0,20.0,58.0,12.2
100.0,49.0,24.0,21.0,57.6,12.5
100.0,49.0,24.0,23.0,56.8,13.1
100.0,49.0,24.0,25.0,56.0,13.7
100.0,49.0,24.0,27.0,55.2,14.2
100.0,49.0,24.0,29.0,54.4,14.8
100.0,49.0,24.0,31.0,53.6,15.4
100.0,49.0,24.0,33.0,52.8,16.0
100.0,49.0,24.0,35.0,52.0,16.6
100.0,49.0,24.0,37.0,51.2,17.1
100.0,49.0,24.0,39.0,50.4,17.7
90.0,44.1,14.0,10.0,29.8,5.0
90.0,44.1,14.0,12.0,29.8,5.08
90.0,44.1,14.0,14.0,29.8,5.17
90.0,44.1,14.0,16.0,29.8,5.26
90.0,44.1,14.0,18.0,29.8,5.35
90.0,44.1,14.0,20.0,29.8,5.45
90.0,44.1,14.0,21.0,29.8,5.5
90.0,44.1,14.0,23.0,29.8,5.61
90.0,44.1,14.0,25.0,29.8,5.91
90.0,44.1,14.0,27.0,29.8,6.29
90.0,44.1,14.0,29.0,29.8,6.69
90.0,44.1,14.0,31.0,29.8,7.11
90.0,44.1,14.0,33.0,29.8,7.56
90.0,44.1,14.0,35.0,29.8,8.02
90.0,44.1,14.0,37.0,29.8,8.52
90.0,44.1,14.0,39.0,29.8,9.03
90.0,44.1,16.0,10.0,35.5,6.03
90.0,44.1,16.0,12.0,35.5,6.13
90.0,44.1,16.0,14.0,35.5,6.24
90.0,44.1,16.0,16.0,35.5,6.36
90.0,44.1,16.0,18.0,35.5,6.48
90.0,44.1,16.0,20.0,35.5,6.61
90.0,44.1,16.0,21.0,35.5,6.67
90.0,44.1,16.0,23.0,35.5,6.95
90.0,44.1,16.0,25.0,35.5,7.42
90.0,44.1,16.0,27.0,35.5,7.91
90.0,44.1,16.0,29.0,35.5,8.43
90.0,44.1,16.0,31.0,35.5,8.97
90.0,44.1,16.0,33.0,35.5,9.55
90.0,44.1,16.0,35.0,35.5,10.16
90.0,44.1,16.0,37.0,35.5,10.8
90.0,44.1,16.0,39.0,35.5,11.5
90.0,44.1,18.0,10.0,41.2,7.12
90.0,44.1,18.0,12.0,41.2,7.25
90.0,44.1,18.0,14.0,41.2,7.38
90.0,44.1,18.0,16.0,41.2,7.52
90.0,44.1,18.0,18.0,41.2,7.67
90.0,44.1,18.0,20.0,41.2,7.82
90.0,44.1,18.0,21.0,41.2,7.96
90.0,44.1,18.0,23.0,41.2,8.52
90.0,44.1,18.0,25.0,41.2,9.1
90.0,44.1,18.0,27.0,41.2,9.72
90.0,44.1,18.0,29.0,41.2,10.37
90.0,44.1,18.0,31.0,41.2,11.1
90.0,44.1,18.0,33.0,41.2,11.8
90.0,44.1,18.0,35.0,41.2,12.5
90.0,44.1,18.0,37.0,41.2,13.4
90.0,44.1,18.0,39.0,41.2,14.2
90.0,44.1,19.0,10.0,44.1,7.68
90.0,44.1,19.0,12.0,44.1,7.82
90.0,44.1,19.0,14.0,44.1,7.97
90.0,44.1,19.0,16.0,44.1,8.12
90.0,44.1,19.0,18.0,44.1,8.28
90.0,44.1,19.0,20.0,44.1,8.45
90.0,44.1,19.0,21.0,44.1,8.74
90.0,44.1,19.0,23.0,44.1,9.36
90.0,44.1,19.0,25.0,44.1,10.01
90.0,44.1,19.0,27.0,44.1,10.7
90.0,44.1,19.0,29.0,44.1,11.4
90.0,44.1,19.0,31.0,44.1,12.2
90.0,44.1,19.0,33.0,44.1,13.0
90.0,44.1,19.0,35.0,44.1,13.8
90.0,44.1,19.0,37.0,44.1,14.7
90.0,44.1,19.0,39.0,44.1,15.7
90.0,44.1,20.0,10.0,47.0,8.25
90.0,44.1,20.0,12.0,47.0,8.41
90.0,44.1,20.0,14.0,47.0,8.57
90.0,44.1,20.0,16.0,47.0,8.73
90.0,44.1,20.0,18.0,47.0,8.91
90.0,44.1,20.0,20.0,47.0,9.24
90.0,44.1,20.0,21.0,47.0,9.57
90.0,44.1,20.0,23.0,47.0,10.25
90.0,44.1,20.0,25.0,47.0,11.0
90.0,44.1,20.0,27.0,47.0,11.7
90.0,44.1,20.0,29.0,47.0,12.5
90.0,44.1,20.0,31.0,47.0,13.4
90.0,44.1,20.0,33.0,47.0,14.3
90.0,44.1,20.0,35.0,47.0,15.2
90.0,44.1,20.0,37.0,47.0,16.2
90.0,44.1,20.0,39.0,47.0,17.3
90.0,44.1,22.0,10.0,52.7,9.43
90.0,44.1,22.0,12.0,52.7,9.6
90.0,44.1,22.0,14.0,52.7,9.79
90.0,44.1,22.0,16.0,52.7,9.98
90.0,44.1,22.0,18.0,52.7,10.18
90.0,44.1,22.0,20.0,52.7,10.9
90.0,44.1,22.0,21.0,52.7,11.3
90.0,44.1,22.0,23.0,52.7,12.2
90.0,44.1,22.0,25.0,52.7,13.0
90.0,44.1,22.0,27.0,52.7,13.9
90.0,44.1,22.0,29.0,52.1,14.6
90.0,44.1,22.0,31.0,51.3,15.1
90.0,44.1,22.0,33.0,50.5,15.7
90.0,44.1,22.0,35.0,49.7,16.3
90.0,44.1,22.0,37.0,48.9,16.9
90.0,44.1,22.0,39.0,48.1,17.4
90.0,44.1,24.0,10.0,58.4,10.6
90.0,44.1,24.0,12.0,58.4,10.8
90.0,44.1,24.0,14.0,58.4,11.0
90.0,44.1,24.0,16.0,58.3,11.2
90.0,44.1,24.0,18.0,57.5,11.6
90.0,44.1,24.0,20.0,56.7,12.1
90.0,44.1,24.0,21.0,56.3,12.4
90.0,44.1,24.0,23.0,55.5,13.0
90.0,44.1,24.0,25.0,54.8,13.5
90.0,44.1,24.0,27.0,54.0,14.1
90.0,44.1,24.0,29.0,53.2,14.7
90.0,44.1,24.0,31.0,52.4,15.3
90.0,44.1,24.0,33.0,51.6,15.8
90.0,44.1,24.0,35.0,50.8,16.4
90.0,44.1,24.0,37.0,50.0,17.0
90.0,44.1,24.0,39.0,49.2,17.6
80.0,39.2,14.0,10.0,26.5,4.44
80.0,39.2,14.0,12.0,26.5,4.51
80.0,39.2,14.0,14.0,26.5,4.58
80.0,39.2,14.0,16.0,26.5,4.66
80.0,39.2,14.0,18.0,26.5,4.74
80.0,39.2,14.0,20.0,26.5,4.82
80.0,39.2,14.0,21.0,26.5,4.87
80.0,39.2,14.0,23.0,26.5,4.96
80.0,39.2,14.0,25.0,26.5,5.12
80.0,39.2,14.0,27.0,26.5,5.44
80.0,39.2,14.0,29.0,26.5,5.79
80.0,39.2,14.0,31.0,26.5,6.14
80.0,39.2,14.0,33.0,26.5,6.52
80.0,39.2,14.0,35.0,26.5,6.91
80.0,39.2,14.0,37.0,26.5,7.33
80.0,39.2,14.0,39.0,26.5,7.77
80.0,39.2,16.0,10.0,31.6,5.31
80.0,39.2,16.0,12.0,31.6,5.4
80.0,39.2,16.0,14.0,31.6,5.5
80.0,39.2,16.0,16.0,31.6,5.6
80.0,39.2,16.0,18.0,31.6,5.7
80.0,39.2,16.0,20.0,31.6,5.81
80.0,39.2,16.0,21.0,31.6,5.86
80.0,39.2,16.0,23.0,31.6,5.97
80.0,39.2,16.0,25.0,31.6,6.36
80.0,39.2,16.0,27.0,31.6,6.78
80.0,39.2,16.0,29.0,31.6,7.21
80.0,39.2,16.0,31.0,31.6,7.67
80.0,39.2,16.0,33.0,31.6,8.15
80.0,39.2,16.0,35.0,31.6,8.66
80.0,39.2,16.0,37.0,31.6,9.2
80.0,39.2,16.0,39.0,31.6,9.76
80.0,39.2,18.0,10.0,36.7,6.24
80.0,39.2,18.0,12.0,36.7,6.35
80.0,39.2,18.0,14.0,36.7,6.47
80.0,39.2,18.0,16.0,36.7,6.59
80.0,39.2,18.0,18.0,36.7,6.72
80.0,39.2,18.0,20.0,36.7,6.85
80.0,39.2,18.0,21.0,36.7,6.91
80.0,39.2,18.0,23.0,36.7,7.25
80.0,39.2,18.0,25.0,36.7,7.74
80.0,39.2,18.0,27.0,36.7,8.26
80.0,39.2,18.0,29.0,36.7,8.8
80.0,39.2,18.0,31.0,36.7,9.38
80.0,39.2,18.0,33.0,36.7,9.98
80.0,39.2,18.0,35.0,36.7,10.6
80.0,39.2,18.0,37.0,36.7,11.3
80.0,39.2,18.0,39.0,36.7,12.0
80.0,39.2,19.0,10.0,39.2,6.72
80.0,39.2,19.0,12.0,39.2,6.85
80.0,39.2,19.0,14.0,39.2,6.97
80.0,39.2,19.0,16.0,39.2,7.1
80.0,39.2,19.0,18.0,39.2,7.24
80.0,39.2,19.0,20.0,39.2,7.38
80.0,39.2,19.0,21.0,39.2,7.46
80.0,39.2,19.0,23.0,39.2,7.94
80.0,39.2,19.0,25.0,39.2,8.49
80.0,39.2,19.0,27.0,39.2,9.06
80.0,39.2,19.0,29.0,39.2,9.66
80.0,39.2,19.0,31.0,39.2,10.29
80.0,39.2,19.0,33.0,39.2,11.0
80.0,39.2,19.0,35.0,39.2,11.7
80.0,39.2,19.0,37.0,39.2,12.4
80.0,39.2,19.0,39.0,39.2,13.2
80.0,39.2,20.0,10.0,41.7,7.22
80.0,39.2,20.0,12.0,41.7,7.35
80.0,39.2,20.0,14.0,41.7,7.49
80.0,39.2,20.0,16.0,41.7,7.63
80.0,39.2,20.0,18.0,41.7,7.78
80.0,39.2,20.0,20.0,41.7,7.93
80.0,39.2,20.0,21.0,41.7,8.1
80.0,39.2,20.0,23.0,41.7,8.67
80.0,39.2,20.0,25.0,41.7,9.26
80.0,39.2,20.0,27.0,41.7,9.89
80.0,39.2,20.0,29.0,41.7,10.56
80.0,39.2,20.0,31.0,41.7,11.3
80.0,39.2,20.0,33.0,41.7,12.0
80.0,39.2,20.0,35.0,41.7,12.8
80.0,39.2,20.0,37.0,41.7,13.6
80.0,39.2,20.0,39.0,41.7,14.5
80.0,39.2,22.0,10.0,46.8,8.23
80.0,39.2,22.0,12.0,46.8,8.38
80.0,39.2,22.0,14.0,46.8,8.54
80.0,39.2,22.0,16.0,46.8,8.71
80.0,39.2,22.0,18.0,46.8,8.88
80.0,39.2,22.0,20.0,46.8,9.2
80.0,39.2,22.0,21.0,46.8,9.53
80.0,39.2,22.0,23.0,46.8,10.21
80.0,39.2,22.0,25.0,46.8,10.9
80.0,39.2,22.0,27.0,46.8,11.7
80.0,39.2,22.0,29.0,46.8,12.5
80.0,39.2,22.0,31.0,46.8,13.3
80.0,39.2,22.0,33.0,46.8,14.2
80.0,39.2,22.0,35.0,46.8,15.1
80.0,39.2,22.0,37.0,46.8,16.1
80.0,39.2,22.0,39.0,46.8,17.2
80.0,39.2,24.0,10.0,51.9,9.27
80.0,39.2,24.0,12.0,51.9,9.44
80.0,39.2,24.0,14.0,51.9,9.63
80.0,39.2,24.0,16.0,51.9,9.81
80.0,39.2,24.0,18.0,51.9,10.01
80.0,39.2,24.0,20.0,51.9,10.7
80.0,39.2,24.0,21.0,51.9,11.1
80.0,39.2,24.0,23.0,51.9,11.9
80.0,39.2,24.0,25.0,51.9,12.7
80.0,39.2,24.0,27.0,51.9,13.6
80.0,39.2,24.0,29.0,51.9,14.6
80.0,39.2,24.0,31.0,51.1,15.1
80.0,39.2,24.0,33.0,50.3,15.7
80.0,39.2,24.0,35.0,49.6,16.3
80.0,39.2,24.0,37.0,48.8,16.8
80.0,39.2,24.0,39.0,48.0,17.4
70.0,34.3,14.0,10.0,23.1,3.9
70.0,34.3,14.0,12.0,23.1,3.96
70.0,34.3,14.0,14.0,23.1,4.02
70.0,34.3,14.0,16.0,23.1,4.09
70.0,34.3,14.0,18.0,23.1,4.15
70.0,34.3,14.0,20.0,23.1,4.22
70.0,34.3,14.0,21.0,23.1,4.26
70.0,34.3,14.0,23.0,23.1,4.33
70.0,34.3,14.0,25.0,23.1,4.41
70.0,34.3,14.0,27.0,23.1,4.66
70.0,34.3,14.0,29.0,23.1,4.95
70.0,34.3,14.0,31.0,23.1,5.25
70.0,34.3,14.0,33.0,23.1,5.56
70.0,34.3,14.0,35.0,23.1,5.89
70.0,34.3,14.0,37.0,23.1,6.23
70.0,34.3,14.0,39.0,23.1,6.6
70.0,34.3,16.0,10.0,27.6,4.63
70.0,34.3,16.0,12.0,27.6,4.7
70.0,34.3,16.0,14.0,27.6,4.78
70.0,34.3,16.0,16.0,27.6,4.87
70.0,34.3,16.0,18.0,27.6,4.95
70.0,34.3,16.0,20.0,27.6,5.04
70.0,34.3,16.0,21.0,27.6,5.09
70.0,34.3,16.0,23.0,27.6,5.18
70.0,34.3,16.0,25.0,27.6,5.39
70.0,34.3,16.0,27.0,27.6,5.73
70.0,34.3,16.0,29.0,27.6,6.09
70.0,34.3,16.0,31.0,27.6,6.47
70.0,34.3,16.0,33.0,27.6,6.87
70.0,34.3,16.0,35.0,27.6,7.29
70.0,34.3,16.0,37.0,27.6,7.73
70.0,34.3,16.0,39.0,27.6,8.2
70.0,34.3,18.0,10.0,32.1,5.4
70.0,34.3,18.0,12.0,32.1,5.5
70.0,34.3,18.0,14.0,32.1,5.59
70.0,34.3,18.0,16.0,32.1,5.69
70.0,34.3,18.0,18.0,32.1,5.8
70.0,34.3,18.0,20.0,32.1,5.91
70.0,34.3,18.0,21.0,32.1,5.96
70.0,34.3,18.0,23.0,32.1,6.09
70.0,34.3,18.0,25.0,32.1,6.49
70.0,34.3,18.0,27.0,32.1,6.92
70.0,34.3,18.0,29.0,32.1,7.37
70.0,34.3,18.0,31.0,32.1,7.84
70.0,34.3,18.0,33.0,32.1,8.33
70.0,34.3,18.0,35.0,32.1,8.85
70.0,34.3,18.0,37.0,32.1,9.4
70.0,34.3,18.0,39.0,32.1,9.98
70.0,34.3,19.0,10.0,34.3,5.81
70.0,34.3,19.0,12.0,34.3,5.91
70.0,34.3,19.0,14.0,34.3,6.01
70.0,34.3,19.0,16.0,34.3,6.12
70.0,34.3,19.0,18.0,34.3,6.24
70.0,34.3,19.0,20.0,34.3,6.36
70.0,34.3,19.0,21.0,34.3,6.42
70.0,34.3,19.0,23.0,34.3,6.64
70.0,34.3,19.0,25.0,34.3,7.09
70.0,34.3,19.0,27.0,34.3,7.56
70.0,34.3,19.0,29.0,34.3,8.05
70.0,34.3,19.0,31.0,34.3,8.57
70.0,34.3,19.0,33.0,34.3,9.11
70.0,34.3,19.0,35.0,34.3,9.69
70.0,34.3,19.0,37.0,34.3,10.3
70.0,34.3,19.0,39.0,34.3,10.9
70.0,34.3,20.0,10.0,36.5,6.22
70.0,34.3,20.0,12.0,36.5,6.33
70.0,34.3,20.0,14.0,36.5,6.45
70.0,34.3,20.0,16.0,36.5,6.57
70.0,34.3,20.0,18.0,36.5,6.69
70.0,34.3,20.0,20.0,36.5,6.82
70.0,34.3,20.0,21.0,36.5,6.89
70.0,34.3,20.0,23.0,36.5,7.22
70.0,34.3,20.0,25.0,36.5,7.71
70.0,34.3,20.0,27.0,36.5,8.22
70.0,34.3,20.0,29.0,36.5,8.76
70.0,34.3,20.0,31.0,36.5,9.33
70.0,34.3,20.0,33.0,36.5,9.93
70.0,34.3,20.0,35.0,36.5,10.57
70.0,34.3,20.0,37.0,36.5,11.2
70.0,34.3,20.0,39.0,36.5,11.9
70.0,34.3,22.0,10.0,41.0,7.07
70.0,34.3,22.0,12.0,41.0,7.2
70.0,34.3,22.0,14.0,41.0,7.33
70.0,34.3,22.0,16.0,41.0,7.47
70.0,34.3,22.0,18.0,41.0,7.62
70.0,34.3,22.0,20.0,41.0,7.77
70.0,34.3,22.0,21.0,41.0,7.89
70.0,34.3,22.0,23.0,41.0,8.45
70.0,34.3,22.0,25.0,41.0,9.03
70.0,34.3,22.0,27.0,41.0,9.64
70.0,34.3,22.0,29.0,41.0,10.29
70.0,34.3,22.0,31.0,41.0,11.0
70.0,34.3,22.0,33.0,41.0,11.7
70.0,34.3,22.0,35.0,41.0,12.4
70.0,34.3,22.0,37.0,41.0,13.2
70.0,34.3,22.0,39.0,41.0,14.1
70.0,34.3,24.0,10.0,45.5,7.95
70.0,34.3,24.0,12.0,45.5,8.1
70.0,34.3,24.0,14.0,45.5,8.25
70.0,34.3,24.0,16.0,45.5,8.41
70.0,34.3,24.0,18.0,45.5,8.58
70.0,34.3,24.0,20.0,45.5,8.81
70.0,34.3,24.0,21.0,45.5,9.13
70.0,34.3,24.0,23.0,45.5,9.78
70.0,34.3,24.0,25.0,45.5,10.46
70.0,34.3,24.0,27.0,45.5,11.2
70.0,34.3,24.0,29.0,45.5,11.9
70.0,34.3,24.0,31.0,45.5,12.7
70.0,34.3,24.0,33.0,45.5,13.6
70.0,34.3,24.0,35.0,45.5,14.5
70.0,34.3,24.0,37.0,45.5,15.4
70.0,34.3,24.0,39.0,45.5,16.4
60.0,29.4,14.0,10.0,19.8,3.39
60.0,29.4,14.0,12.0,19.8,3.44
60.0,29.4,14.0,14.0,19.8,3.49
60.0,29.4,14.0,16.0,19.8,3.54
60.0,29.4,14.0,18.0,19.8,3.6
60.0,29.4,14.0,20.0,19.8,3.65
60.0,29.4,14.0,21.0,19.8,3.68
60.0,29.4,14.0,23.0,19.8,3.74
60.0,29.4,14.0,25.0,19.8,3.81
60.0,29.4,14.0,27.0,19.8,3.94
60.0,29.4,14.0,29.0,19.8,4.18
60.0,29.4,14.0,31.0,19.8,4.42
60.0,29.4,14.0,33.0,19.8,4.68
60.0,29.4,14.0,35.0,19.8,4.95
60.0,29.4,14.0,37.0,19.8,5.23
60.0,29.4,14.0,39.0,19.8,5.53
60.0,29.4,16.0,10.0,23.7,3.98
60.0,29.4,16.0,12.0,23.7,4.04
60.0,29.4,16.0,14.0,23.7,4.11
60.0,29.4,16.0,16.0,23.7,4.17
60.0,29.4,16.0,18.0,23.7,4.24
60.0,29.4,16.0,20.0,23.7,4.31
60.0,29.4,16.0,21.0,23.7,4.35
60.0,29.4,16.0,23.0,23.7,4.43
60.0,29.4,16.0,25.0,23.7,4.51
60.0,29.4,16.0,27.0,23.7,4.78
60.0,29.4,16.0,29.0,23.7,5.07
60.0,29.4,16.0,31.0,23.7,5.38
60.0,29.4,16.0,33.0,23.7,5.7
60.0,29.4,16.0,35.0,23.7,6.04
60.0,29.4,16.0,37.0,23.7,6.4
60.0,29.4,16.0,39.0,23.7,6.77
60.0,29.4,18.0,10.0,27.5,4.61
60.0,29.4,18.0,12.0,27.5,4.68
60.0,29.4,18.0,14.0,27.5,4.76
60.0,29.4,18.0,16.0,27.5,4.84
60.0,29.4,18.0,18.0,27.5,4.93
60.0,29.4,18.0,20.0,27.5,5.02
60.0,29.4,18.0,21.0,27.5,5.06
60.0,29.4,18.0,23.0,27.5,5.16
60.0,29.4,18.0,25.0,27.5,5.36
60.0,29.4,18.0,27.0,27.5,5.7
60.0,29.4,18.0,29.0,27.5,6.06
60.0,29.4,18.0,31.0,27.5,6.44
60.0,29.4,18.0,33.0,27.5,6.83
60.0,29.4,18.0,35.0,27.5,7.25
60.0,29.4,18.0,37.0,27.5,7.69
60.0,29.4,18.0,39.0,27.5,8.15
60.0,29.4,19.0,10.0,29.4,4.93
60.0,29.4,19.0,12.0,29.4,5.02
60.0,29.4,19.0,14.0,29.4,5.1
60.0,29.4,19.0,16.0,29.4,5.19
60.0,29.4,19.0,18.0,29.4,5.29
60.0,29.4,19.0,20.0,29.4,5.38
60.0,29.4,19.0,21.0,29.4,5.43
60.0,29.4,19.0,23.0,29.4,5.54
60.0,29.4,19.0,25.0,29.4,5.82
60.0,29.4,19.0,27.0,29.4,6.19
60.0,29.4,19.0,29.0,29.4,6.59
60.0,29.4,19.0,31.0,29.4,7.0
60.0,29.4,19.0,33.0,29.4,7.44
60.0,29.4,19.0,35.0,29.4,7.9
60.0,29.4,19.0,37.0,29.4,8.38
60.0,29.4,19.0,39.0,29.4,8.89
60.0,29.4,20.0,10.0,31.3,5.27
60.0,29.4,20.0,12.0,31.3,5.36
60.0,29.4,20.0,14.0,31.3,5.45
60.0,29.4,20.0,16.0,31.3,5.55
60.0,29.4,20.0,18.0,31.3,5.65
60.0,29.4,20.0,20.0,31.3,5.76
60.0,29.4,20.0,21.0,31.3,5.81
60.0,29.4,20.0,23.0,31.3,5.92
60.0,29.4,20.0,25.0,31.3,6.3
60.0,29.4,20.0,27.0,31.3,6.71
60.0,29.4,20.0,29.0,31.3,7.14
60.0,29.4,20.0,31.0,31.3,7.59
60.0,29.4,20.0,33.0,31.3,8.07
60.0,29.4,20.0,35.0,31.3,8.57
60.0,29.4,20.0,37.0,31.3,9.1
60.0,29.4,20.0,39.0,31.3,9.66
60.0,29.4,22.0,10.0,35.1,5.96
60.0,29.4,22.0,12.0,35.1,6.06
60.0,29.4,22.0,14.0,35.1,6.17
60.0,29.4,22.0,16.0,35.1,6.29
60.0,29.4,22.0,18.0,35.1,6.41
60.0,29.4,22.0,20.0,35.1,6.53
60.0,29.4,22.0,21.0,35.1,6.59
60.0,29.4,22.0,23.0,35.1,6.85
60.0,29.4,22.0,25.0,35.1,7.32
60.0,29.4,22.0,27.0,35.1,7.8
60.0,29.4,22.0,29.0,35.1,8.31
60.0,29.4,22.0,31.0,35.1,8.85
60.0,29.4,22.0,33.0,35.1,9.42
60.0,29.4,22.0,35.0,35.1,10.01
60.0,29.4,22.0,37.0,35.1,10.6
60.0,29.4,22.0,39.0,35.1,11.3
60.0,29.4,24.0,10.0,39.0,6.68
60.0,29.4,24.0,12.0,39.0,6.8
60.0,29.4,24.0,14.0,39.0,6.92
60.0,29.4,24.0,16.0,39.0,7.06
60.0,29.4,24.0,18.0,39.0,7.19
60.0,29.4,24.0,20.0,39.0,7.33
60.0,29.4,24.0,21.0,39.0,7.41
60.0,29.4,24.0,23.0,39.0,7.87
60.0,29.4,24.0,25.0,39.0,8.41
60.0,29.4,24.0,27.0,39.0,8.98
60.0,29.4,24.0,29.0,39.0,9.58
60.0,29.4,24.0,31.0,39.0,10.2
60.0,29.4,24.0,33.0,39.0,10.9
60.0,29.4,24.0,35.0,39.0,11.6
60.0,29.4,24.0,37.0,39.0,12.3
60.0,29.4,24.0,39.0,39.0,13.1
